,feature_type,source_event_id,magnitude,place,event_time,updated_time,timezone_offset,event_url,detail_url,felt_reports,cdi,mmi,alert_level,event_status,tsunami_flag,significance,network,source_code,associated_event_ids,associated_sources,associated_types,station_count,minimum_distance,rms,azimuthal_gap,magnitude_type,event_type,title,geometry_type,longitude,latitude,depth_km,source,ingested_at
0,Feature,ci41536024,2.1,"12 km W of Anza, CA",1787657789270,1787658003715,,https://earthquake.usgs.gov/earthquakes/eventpage/ci41536024,https://earthquake.usgs.gov/earthquakes/feed/v1.0/detail/ci41536024.geojson,,,,,automatic,0,68,ci,41536024,",ci41536024,",",ci,",",nearby-cities,origin,phase-data,scitech-link,",18,0.0414,0.13,92,ml,earthquake,"M 2.1 - 12 km W of Anza, CA",Point,-116.803666666667,33.5686666666667,7.49,USGS,2026-08-25 17:29:58.460833
1,Feature,ci41536016,0.35,"7 km WSW of Anza, CA",1787657607200,1787657822211,,https://earthquake.usgs.gov/earthquakes/eventpage/ci41536016,https://earthquake.usgs.gov/earthquakes/feed/v1.0/detail/ci41536016.geojson,,,,,automatic,0,2,ci,41536016,",ci41536016,",",ci,",",nearby-cities,origin,phase-data,",27,0.04661,0.11,37,ml,earthquake,"M 0.4 - 7 km WSW of Anza, CA",Point,-116.739166666667,33.5186666666667,4.24,USGS,2026-08-25 17:29:58.460833
2,Feature,ci41536008,0.97,"10 km ENE of Coso Junction, CA",1787657566200,1787657818247,,https://earthquake.usgs.gov/earthquakes/eventpage/ci41536008,https://earthquake.usgs.gov/earthquakes/feed/v1.0/detail/ci41536008.geojson,,,,,automatic,0,14,ci,41536008,",ci41536008,",",ci,",",nearby-cities,origin,phase-data,",23,0.05124,0.15,66,ml,earthquake,"M 1.0 - 10 km ENE of Coso Junction, CA",Point,-117.84,36.0676666666667,1.99,USGS,2026-08-25 17:29:58.460833
3,Feature,nc75424837,1.76,"6 km W of Cobb, CA",1787657315070,1787657411404,,https://earthquake.usgs.gov/earthquakes/eventpage/nc75424837,https://earthquake.usgs.gov/earthquakes/feed/v1.0/detail/nc75424837.geojson,,,,,automatic,0,48,nc,75424837,",nc75424837,",",nc,",",nearby-cities,origin,phase-data,",13,0.007316,0.02,69,md,earthquake,"M 1.8 - 6 km W of Cobb, CA",Point,-122.796165466309,38.8326683044434,2.0699999332428,USGS,2026-08-25 17:29:58.460833
4,Feature,aka2026quucwe,2.4,"47 km NW of Rampart, Alaska",1787657293140,1787657406465,,https://earthquake.usgs.gov/earthquakes/eventpage/aka2026quucwe,https://earthquake.usgs.gov/earthquakes/feed/v1.0/detail/aka2026quucwe.geojson,,,,,automatic,0,89,ak,a2026quucwe,",aka2026quucwe,",",ak,",",origin,phase-data,",43,0.2,0.8,40,ml,earthquake,"M 2.4 - 47 km NW of Rampart, Alaska",Point,-150.805,65.845,1.6,USGS,2026-08-25 17:29:58.460833
5,Feature,ci41536000,0.71,"6 km E of Palmdale, CA",1787656579770,1787656793038,,https://earthquake.usgs.gov/earthquakes/eventpage/ci41536000,https://earthquake.usgs.gov/earthquakes/feed/v1.0/detail/ci41536000.geojson,,,,,automatic,0,8,ci,41536000,",ci41536000,",",ci,",",nearby-cities,origin,phase-data,",29,0.04856,0.13,40,ml,earthquake,"M 0.7 - 6 km E of Palmdale, CA",Point,-118.033166666667,34.5756666666667,9.63,USGS,2026-08-25 17:29:58.460833
6,Feature,aka2026qutily,2.0,"39 km NNW of Petersville, Alaska",1787655887806,1787655991743,,https://earthquake.usgs.gov/earthquakes/eventpage/aka2026qutily,https://earthquake.usgs.gov/earthquakes/feed/v1.0/detail/aka2026qutily.geojson,,,,,automatic,0,62,ak,a2026qutily,",aka2026qutily,",",ak,",",origin,phase-data,",40,0.3,0.6,91,ml,earthquake,"M 2.0 - 39 km NNW of Petersville, Alaska",Point,-150.93,62.843,104.1,USGS,2026-08-25 17:29:58.460833
7,Feature,tx2026qsazgg,1.8,"55 km SSW of Whites City, New Mexico",1787655171833,1787655671039,,https://earthquake.usgs.gov/earthquakes/eventpage/tx2026qsazgg,https://earthquake.usgs.gov/earthquakes/feed/v1.0/detail/tx2026qsazgg.geojson,,,,,automatic,0,50,tx,2026qsazgg,",tx2026qsazgg,",",tx,",",origin,phase-data,",22,0.0,0.5,102,ml,earthquake,"M 1.8 - 55 km SSW of Whites City, New Mexico",Point,-104.494,31.681,9.8619,USGS,2026-08-25 17:29:58.460833
8,Feature,ci41535992,0.5,"22 km NE of Pine Valley, CA",1787654662720,1787654877574,,https://earthquake.usgs.gov/earthquakes/eventpage/ci41535992,https://earthquake.usgs.gov/earthquakes/feed/v1.0/detail/ci41535992.geojson,,,,,automatic,0,4,ci,41535992,",ci41535992,",",ci,",",nearby-cities,origin,phase-data,scitech-link,",20,0.07133,0.12,58,ml,earthquake,"M 0.5 - 22 km NE of Pine Valley, CA",Point,-116.335666666667,32.9383333333333,8.64,USGS,2026-08-25 17:29:58.460833
9,Feature,nc75424832,1.05,"7 km WNW of Cobb, CA",1787654061020,1787656943182,,https://earthquake.usgs.gov/earthquakes/eventpage/nc75424832,https://earthquake.usgs.gov/earthquakes/feed/v1.0/detail/nc75424832.geojson,,,,,automatic,0,17,nc,75424832,",nc75424832,",",nc,",",nearby-cities,origin,phase-data,scitech-link,",21,0.006589,0.04,69,md,earthquake,"M 1.1 - 7 km WNW of Cobb, CA",Point,-122.798667907715,38.8373336791992,1.47000002861023,USGS,2026-08-25 17:29:58.460833
10,Feature,ci41535984,0.54,"12 km W of Anza, CA",1787652022630,1787652222851,,https://earthquake.usgs.gov/earthquakes/eventpage/ci41535984,https://earthquake.usgs.gov/earthquakes/feed/v1.0/detail/ci41535984.geojson,,,,,automatic,0,4,ci,41535984,",ci41535984,",",ci,",",nearby-cities,origin,phase-data,scitech-link,",24,0.03866,0.11,41,ml,earthquake,"M 0.5 - 12 km W of Anza, CA",Point,-116.8015,33.5708333333333,5.8,USGS,2026-08-25 17:29:58.460833
11,Feature,nc75424817,2.55,"13 km W of Round Valley, CA",1787651516700,1787657242220,,https://earthquake.usgs.gov/earthquakes/eventpage/nc75424817,https://earthquake.usgs.gov/earthquakes/feed/v1.0/detail/nc75424817.geojson,,,,,automatic,0,100,nc,75424817,",nc75424817,nn00923870,",",nc,nn,",",focal-mechanism,nearby-cities,origin,phase-data,scitech-link,",28,0.1532,0.07,62,md,earthquake,"M 2.6 - 13 km W of Round Valley, CA",Point,-118.740501403809,37.4128341674805,11.7700004577637,USGS,2026-08-25 17:29:58.460833
12,Feature,aka2026quqwcw,1.2,"2 km NE of Big Lake, Alaska",1787651429986,1787651501536,,https://earthquake.usgs.gov/earthquakes/eventpage/aka2026quqwcw,https://earthquake.usgs.gov/earthquakes/feed/v1.0/detail/aka2026quqwcw.geojson,,,,,automatic,0,22,ak,a2026quqwcw,",aka2026quqwcw,",",ak,",",origin,phase-data,",11,0.4,0.7,122,ml,earthquake,"M 1.2 - 2 km NE of Big Lake, Alaska",Point,-149.926,61.536,29.6,USGS,2026-08-25 17:29:58.460833
13,Feature,nc75424807,1.07,"7 km NW of The Geysers, CA",1787650091760,1787654542902,,https://earthquake.usgs.gov/earthquakes/eventpage/nc75424807,https://earthquake.usgs.gov/earthquakes/feed/v1.0/detail/nc75424807.geojson,,,,,automatic,0,18,nc,75424807,",nc75424807,",",nc,",",nearby-cities,origin,phase-data,scitech-link,",10,0.00958,0.01,75,md,earthquake,"M 1.1 - 7 km NW of The Geysers, CA",Point,-122.814666748047,38.8144989013672,2.89000010490417,USGS,2026-08-25 17:29:58.460833
14,Feature,ci41535968,0.68,"11 km ENE of Coso Junction, CA",1787649774320,1787649975400,,https://earthquake.usgs.gov/earthquakes/eventpage/ci41535968,https://earthquake.usgs.gov/earthquakes/feed/v1.0/detail/ci41535968.geojson,,,,,automatic,0,7,ci,41535968,",ci41535968,",",ci,",",nearby-cities,origin,phase-data,",19,0.05561,0.15,59,ml,earthquake,"M 0.7 - 11 km ENE of Coso Junction, CA",Point,-117.833333333333,36.0646666666667,2.28,USGS,2026-08-25 17:29:58.460833
15,Feature,tx2026qrxybt,1.6,"54 km S of Whites City, New Mexico",1787649601684,1787652081536,,https://earthquake.usgs.gov/earthquakes/eventpage/tx2026qrxybt,https://earthquake.usgs.gov/earthquakes/feed/v1.0/detail/tx2026qrxybt.geojson,,,,,automatic,0,39,tx,2026qrxybt,",tx2026qrxybt,",",tx,",",origin,phase-data,",30,0.0,0.3,69,ml,earthquake,"M 1.6 - 54 km S of Whites City, New Mexico",Point,-104.31,31.683,4.4264,USGS,2026-08-25 17:29:58.460833
16,Feature,tx2026qrxwqv,1.2,"13 km SW of Stanton, Texas",1787649487052,1787649726902,,https://earthquake.usgs.gov/earthquakes/eventpage/tx2026qrxwqv,https://earthquake.usgs.gov/earthquakes/feed/v1.0/detail/tx2026qrxwqv.geojson,,,,,automatic,0,22,tx,2026qrxwqv,",tx2026qrxwqv,",",tx,",",origin,phase-data,",8,0.1,0.3,152,ml,earthquake,"M 1.2 - 13 km SW of Stanton, Texas",Point,-101.886,32.046,14.0114,USGS,2026-08-25 17:29:58.460833
17,Feature,tx2026qrxvuk,2.6,"54 km S of Whites City, New Mexico",1787649426536,1787651180040,,https://earthquake.usgs.gov/earthquakes/eventpage/tx2026qrxvuk,https://earthquake.usgs.gov/earthquakes/feed/v1.0/detail/tx2026qrxvuk.geojson,,,,,reviewed,0,104,tx,2026qrxvuk,",us6000tnbw,tx2026qrxvuk,",",us,tx,",",origin,phase-data,",23,0.0,0.1,73,ml,earthquake,"M 2.6 - 54 km S of Whites City, New Mexico",Point,-104.308,31.69,7.2278,USGS,2026-08-25 17:29:58.460833
18,Feature,ci41535960,0.73,"11 km ENE of Coso Junction, CA",1787649308810,1787649521771,,https://earthquake.usgs.gov/earthquakes/eventpage/ci41535960,https://earthquake.usgs.gov/earthquakes/feed/v1.0/detail/ci41535960.geojson,,,,,automatic,0,8,ci,41535960,",ci41535960,",",ci,",",nearby-cities,origin,phase-data,",19,0.05084,0.13,59,ml,earthquake,"M 0.7 - 11 km ENE of Coso Junction, CA",Point,-117.835333333333,36.0691666666667,2.81,USGS,2026-08-25 17:29:58.460833
19,Feature,us6000tnbv,5.0,"31 km S of Nemuro, Japan",1787648840740,1787650047040,,https://earthquake.usgs.gov/earthquakes/eventpage/us6000tnbv,https://earthquake.usgs.gov/earthquakes/feed/v1.0/detail/us6000tnbv.geojson,,,,,reviewed,0,385,us,6000tnbv,",us6000tnbv,",",us,",",origin,phase-data,",81,2.1,0.74,121,mb,earthquake,"M 5.0 - 31 km S of Nemuro, Japan",Point,145.6343,43.045,96.855,USGS,2026-08-25 17:29:58.460833
20,Feature,ci41535952,0.63,"14 km NNW of Borrego Springs, CA",1787648698150,1787648901452,,https://earthquake.usgs.gov/earthquakes/eventpage/ci41535952,https://earthquake.usgs.gov/earthquakes/feed/v1.0/detail/ci41535952.geojson,,,,,automatic,0,6,ci,41535952,",ci41535952,",",ci,",",nearby-cities,origin,phase-data,",31,0.06322,0.19,106,ml,earthquake,"M 0.6 - 14 km NNW of Borrego Springs, CA",Point,-116.405166666667,33.3815,9.66,USGS,2026-08-25 17:29:58.460833
21,Feature,tx2026qrweeb,1.7,"55 km S of Whites City, New Mexico",1787646467089,1787646712050,,https://earthquake.usgs.gov/earthquakes/eventpage/tx2026qrweeb,https://earthquake.usgs.gov/earthquakes/feed/v1.0/detail/tx2026qrweeb.geojson,,,,,automatic,0,44,tx,2026qrweeb,",tx2026qrweeb,",",tx,",",origin,phase-data,",28,0.0,0.4,69,ml,earthquake,"M 1.7 - 55 km S of Whites City, New Mexico",Point,-104.309,31.682,4.2382,USGS,2026-08-25 17:29:58.460833
22,Feature,ci41535936,0.39,"10 km E of Coso Junction, CA",1787645986930,1787646189211,,https://earthquake.usgs.gov/earthquakes/eventpage/ci41535936,https://earthquake.usgs.gov/earthquakes/feed/v1.0/detail/ci41535936.geojson,,,,,automatic,0,2,ci,41535936,",ci41535936,",",ci,",",nearby-cities,origin,phase-data,",14,0.05754,0.14,67,ml,earthquake,"M 0.4 - 10 km E of Coso Junction, CA",Point,-117.8435,36.0606666666667,2.17,USGS,2026-08-25 17:29:58.460833
23,Feature,nn00923862,1.67,"1 km SE of Johnstonville, California",1787645891002,1787646040132,,https://earthquake.usgs.gov/earthquakes/eventpage/nn00923862,https://earthquake.usgs.gov/earthquakes/feed/v1.0/detail/nn00923862.geojson,,,,,automatic,0,43,nn,00923862,",nn00923862,",",nn,",",origin,phase-data,",9,0.535,0.2776,298,ml,earthquake,"M 1.7 - 1 km SE of Johnstonville, California",Point,-120.5722,40.3761,3.492,USGS,2026-08-25 17:29:58.460833
24,Feature,hv75023647,1.71,"13 km SSE of Volcano, Hawaii",1787645166590,1787645378200,,https://earthquake.usgs.gov/earthquakes/eventpage/hv75023647,https://earthquake.usgs.gov/earthquakes/feed/v1.0/detail/hv75023647.geojson,,,,,automatic,0,45,hv,75023647,",hv75023647,",",hv,",",origin,phase-data,",45,0.04826,0.209999993,88,md,earthquake,"M 1.7 - 13 km SSE of Volcano, Hawaii",Point,-155.174331665039,19.3311672210693,3.15000009536743,USGS,2026-08-25 17:29:58.460833
25,Feature,ci41535928,1.83,"12 km W of Anza, CA",1787644625670,1787644847581,,https://earthquake.usgs.gov/earthquakes/eventpage/ci41535928,https://earthquake.usgs.gov/earthquakes/feed/v1.0/detail/ci41535928.geojson,,,,,automatic,0,52,ci,41535928,",ci41535928,",",ci,",",nearby-cities,origin,phase-data,scitech-link,",15,0.03435,0.11,72,ml,earthquake,"M 1.8 - 12 km W of Anza, CA",Point,-116.798,33.5741666666667,7.25,USGS,2026-08-25 17:29:58.460833
26,Feature,ci41535920,0.57,"10 km ENE of Coso Junction, CA",1787644079540,1787644286042,,https://earthquake.usgs.gov/earthquakes/eventpage/ci41535920,https://earthquake.usgs.gov/earthquakes/feed/v1.0/detail/ci41535920.geojson,,,,,automatic,0,5,ci,41535920,",ci41535920,",",ci,",",nearby-cities,origin,phase-data,",14,0.04727,0.09,64,ml,earthquake,"M 0.6 - 10 km ENE of Coso Junction, CA",Point,-117.8405,36.0716666666667,1.97,USGS,2026-08-25 17:29:58.460833
27,Feature,nc75424792,1.01,"9 km WNW of The Geysers, CA",1787644043410,1787649742390,,https://earthquake.usgs.gov/earthquakes/eventpage/nc75424792,https://earthquake.usgs.gov/earthquakes/feed/v1.0/detail/nc75424792.geojson,,,,,automatic,0,16,nc,75424792,",nc75424792,",",nc,",",nearby-cities,origin,phase-data,scitech-link,",10,0.008181,0.01,117,md,earthquake,"M 1.0 - 9 km WNW of The Geysers, CA",Point,-122.845497131348,38.8228340148926,2.25,USGS,2026-08-25 17:29:58.460833
28,Feature,ci41535912,0.71,"17 km ENE of Borrego Springs, CA",1787643490510,1787643697841,,https://earthquake.usgs.gov/earthquakes/eventpage/ci41535912,https://earthquake.usgs.gov/earthquakes/feed/v1.0/detail/ci41535912.geojson,,,,,automatic,0,8,ci,41535912,",ci41535912,",",ci,",",nearby-cities,origin,phase-data,",45,0.115,0.24,43,ml,earthquake,"M 0.7 - 17 km ENE of Borrego Springs, CA",Point,-116.202166666667,33.2995,9.83,USGS,2026-08-25 17:29:58.460833
29,Feature,aka2026qulxwz,2.6,"30 km WNW of Livengood, Alaska",1787642556103,1787646601040,,https://earthquake.usgs.gov/earthquakes/eventpage/aka2026qulxwz,https://earthquake.usgs.gov/earthquakes/feed/v1.0/detail/aka2026qulxwz.geojson,,,,,automatic,0,104,ak,a2026qulxwz,",us6000tnbp,aka2026qulxwz,",",us,ak,",",origin,phase-data,",57,0.3,1.4,26,ml,earthquake,"M 2.6 - 30 km WNW of Livengood, Alaska",Point,-149.187,65.599,2.4,USGS,2026-08-25 17:29:58.460833
30,Feature,aka2026qulvrq,1.8,"49 km E of Denali National Park, Alaska",1787642403497,1787642483948,,https://earthquake.usgs.gov/earthquakes/eventpage/aka2026qulvrq,https://earthquake.usgs.gov/earthquakes/feed/v1.0/detail/aka2026qulvrq.geojson,,,,,automatic,0,50,ak,a2026qulvrq,",aka2026qulvrq,",",ak,",",origin,phase-data,",17,0.6,0.6,70,ml,earthquake,"M 1.8 - 49 km E of Denali National Park, Alaska",Point,-150.724,63.556,2.4,USGS,2026-08-25 17:29:58.460833
31,Feature,tx2026qrtkba,1.5,"61 km S of Whites City, New Mexico",1787641371535,1787641535167,,https://earthquake.usgs.gov/earthquakes/eventpage/tx2026qrtkba,https://earthquake.usgs.gov/earthquakes/feed/v1.0/detail/tx2026qrtkba.geojson,,,,,automatic,0,35,tx,2026qrtkba,",tx2026qrtkba,",",tx,",",origin,phase-data,",21,0.0,0.5,92,ml,earthquake,"M 1.5 - 61 km S of Whites City, New Mexico",Point,-104.477,31.626,4.3261,USGS,2026-08-25 17:29:58.460833
32,Feature,us6000tnbm,5.5,"108 km NE of Hengchun, Taiwan",1787641210853,1787652295100,,https://earthquake.usgs.gov/earthquakes/eventpage/us6000tnbm,https://earthquake.usgs.gov/earthquakes/feed/v1.0/detail/us6000tnbm.geojson,10.0,2.9,5.453,green,reviewed,0,468,us,6000tnbm,",us6000tnbm,",",us,",",dyfi,ground-failure,losspager,moment-tensor,origin,phase-data,shakemap,",101,0.5,1.05,28,mww,earthquake,"M 5.5 - 108 km NE of Hengchun, Taiwan",Point,121.5709,22.6053,14.608,USGS,2026-08-25 17:29:58.460833
33,Feature,ci41535904,1.33090324409972,"15 km N of Warner Springs, CA",1787640662230,1787640785684,,https://earthquake.usgs.gov/earthquakes/eventpage/ci41535904,https://earthquake.usgs.gov/earthquakes/feed/v1.0/detail/ci41535904.geojson,,,,,automatic,0,27,ci,41535904,",ci41535904,",",ci,",",nearby-cities,origin,phase-data,",22,0.07772,0.180000007,138,ml,earthquake,"M 1.3 - 15 km N of Warner Springs, CA",Point,-116.605667114258,33.4168319702148,15.0500001907349,USGS,2026-08-25 17:29:58.460833
34,Feature,us6000tnbk,4.6,"218 km NNW of Manado, Indonesia",1787640500910,1787641412040,,https://earthquake.usgs.gov/earthquakes/eventpage/us6000tnbk,https://earthquake.usgs.gov/earthquakes/feed/v1.0/detail/us6000tnbk.geojson,,,,,reviewed,0,326,us,6000tnbk,",us6000tnbk,",",us,",",origin,phase-data,",80,3.797,0.73,67,mb,earthquake,"M 4.6 - 218 km NNW of Manado, Indonesia",Point,124.4529,3.4176,322.862,USGS,2026-08-25 17:29:58.460833
35,Feature,tx2026qrsrxl,1.3,"60 km S of Whites City, New Mexico",1787640104684,1787641259044,,https://earthquake.usgs.gov/earthquakes/eventpage/tx2026qrsrxl,https://earthquake.usgs.gov/earthquakes/feed/v1.0/detail/tx2026qrsrxl.geojson,,,,,automatic,0,26,tx,2026qrsrxl,",tx2026qrsrxl,",",tx,",",origin,phase-data,",12,0.0,0.6,209,ml,earthquake,"M 1.3 - 60 km S of Whites City, New Mexico",Point,-104.499,31.636,3.2398,USGS,2026-08-25 17:29:58.460833
36,Feature,ci41535880,0.61,"10 km NNW of Cabazon, CA",1787639835420,1787640034815,,https://earthquake.usgs.gov/earthquakes/eventpage/ci41535880,https://earthquake.usgs.gov/earthquakes/feed/v1.0/detail/ci41535880.geojson,,,,,automatic,0,6,ci,41535880,",ci41535880,",",ci,",",nearby-cities,origin,phase-data,",38,0.03773,0.12,34,ml,earthquake,"M 0.6 - 10 km NNW of Cabazon, CA",Point,-116.821166666667,33.999,17.74,USGS,2026-08-25 17:29:58.460833
37,Feature,nc75424777,0.49,"11 km NW of The Geysers, CA",1787639503560,1787640449331,,https://earthquake.usgs.gov/earthquakes/eventpage/nc75424777,https://earthquake.usgs.gov/earthquakes/feed/v1.0/detail/nc75424777.geojson,,,,,automatic,0,4,nc,75424777,",nc75424777,",",nc,",",nearby-cities,origin,phase-data,scitech-link,",7,0.01288,0.01,103,md,earthquake,"M 0.5 - 11 km NW of The Geysers, CA",Point,-122.848167419434,38.8468322753906,1.39999997615814,USGS,2026-08-25 17:29:58.460833
38,Feature,aka2026qukclv,1.4,"55 km S of Cantwell, Alaska",1787639268818,1787639367235,,https://earthquake.usgs.gov/earthquakes/eventpage/aka2026qukclv,https://earthquake.usgs.gov/earthquakes/feed/v1.0/detail/aka2026qukclv.geojson,,,,,automatic,0,30,ak,a2026qukclv,",aka2026qukclv,",",ak,",",origin,phase-data,",20,0.5,0.7,72,ml,earthquake,"M 1.4 - 55 km S of Cantwell, Alaska",Point,-148.82,62.898,5.0,USGS,2026-08-25 17:29:58.460833
39,Feature,hv75023607,0.78,"20 km NNW of Pāhala, Hawaii",1787639267490,1787640187430,,https://earthquake.usgs.gov/earthquakes/eventpage/hv75023607,https://earthquake.usgs.gov/earthquakes/feed/v1.0/detail/hv75023607.geojson,,,,,reviewed,0,9,hv,75023607,",hv75023607,",",hv,",",origin,phase-data,",21,0.03658,0.11,48,md,earthquake,"M 0.8 - 20 km NNW of Pāhala, Hawaii",Point,-155.542666666667,19.3755,2.54,USGS,2026-08-25 17:29:58.460833
40,Feature,us6000tnbh,4.2,"5 km SSE of Darreh Shahr, Iran",1787638792919,1787640174040,,https://earthquake.usgs.gov/earthquakes/eventpage/us6000tnbh,https://earthquake.usgs.gov/earthquakes/feed/v1.0/detail/us6000tnbh.geojson,,,,,reviewed,0,271,us,6000tnbh,",us6000tnbh,",",us,",",origin,phase-data,",32,2.313,0.9,108,mb,earthquake,"M 4.2 - 5 km SSE of Darreh Shahr, Iran",Point,47.3976,33.101,10.0,USGS,2026-08-25 17:29:58.460833
41,Feature,hv75023602,1.9,"19 km WSW of Volcano, Hawaii",1787638488980,1787639736110,,https://earthquake.usgs.gov/earthquakes/eventpage/hv75023602,https://earthquake.usgs.gov/earthquakes/feed/v1.0/detail/hv75023602.geojson,,,,,reviewed,0,56,hv,75023602,",hv75023602,",",hv,",",origin,phase-data,",35,0.04215,0.11,46,ml,earthquake,"M 1.9 - 19 km WSW of Volcano, Hawaii",Point,-155.405166666667,19.3715,10.37,USGS,2026-08-25 17:29:58.460833
42,Feature,aka2026qujnli,1.6,"52 km WNW of Happy Valley, Alaska",1787638235649,1787638351066,,https://earthquake.usgs.gov/earthquakes/eventpage/aka2026qujnli,https://earthquake.usgs.gov/earthquakes/feed/v1.0/detail/aka2026qujnli.geojson,,,,,automatic,0,39,ak,a2026qujnli,",aka2026qujnli,",",ak,",",origin,phase-data,",38,0.0,0.6,54,ml,earthquake,"M 1.6 - 52 km WNW of Happy Valley, Alaska",Point,-152.643,60.05,99.0,USGS,2026-08-25 17:29:58.460833
43,Feature,aka2026qujldz,2.2,"8 km N of Meadow Lakes, Alaska",1787638077070,1787641252308,,https://earthquake.usgs.gov/earthquakes/eventpage/aka2026qujldz,https://earthquake.usgs.gov/earthquakes/feed/v1.0/detail/aka2026qujldz.geojson,2.0,1.0,,,automatic,0,75,ak,a2026qujldz,",aka2026qujldz,",",ak,",",dyfi,origin,phase-data,",51,0.3,0.8,30,ml,earthquake,"M 2.2 - 8 km N of Meadow Lakes, Alaska",Point,-149.631,61.703,18.7,USGS,2026-08-25 17:29:58.460833
44,Feature,ci41535864,1.24,"13 km WNW of Camp Pendleton South, CA",1787637920570,1787638134312,,https://earthquake.usgs.gov/earthquakes/eventpage/ci41535864,https://earthquake.usgs.gov/earthquakes/feed/v1.0/detail/ci41535864.geojson,,,,,automatic,0,24,ci,41535864,",ci41535864,",",ci,",",nearby-cities,origin,phase-data,",48,0.1233,0.15,142,ml,earthquake,"M 1.2 - 13 km WNW of Camp Pendleton South, CA",Point,-117.5115,33.2781666666667,14.02,USGS,2026-08-25 17:29:58.460833
45,Feature,uw714085652,2.32,"4 km NW of Waterville, Washington",1787637904400,1787640971558,,https://earthquake.usgs.gov/earthquakes/eventpage/uw714085652,https://earthquake.usgs.gov/earthquakes/feed/v1.0/detail/uw714085652.geojson,13.0,3.4,,,reviewed,0,87,uw,714085652,",uw714085652,us6000tnbd,",",uw,us,",",dyfi,origin,phase-data,",15,0.04287,0.12,50,ml,earthquake,"M 2.3 - 4 km NW of Waterville, Washington",Point,-120.118,47.6728333333333,3.29,USGS,2026-08-25 17:29:58.460833
46,Feature,hv75023587,1.3,"21 km NNW of Pāhala, Hawaii",1787637402340,1787638235150,,https://earthquake.usgs.gov/earthquakes/eventpage/hv75023587,https://earthquake.usgs.gov/earthquakes/feed/v1.0/detail/hv75023587.geojson,,,,,reviewed,0,26,hv,75023587,",hv75023587,",",hv,",",origin,phase-data,",23,0.02441,0.16,49,md,earthquake,"M 1.3 - 21 km NNW of Pāhala, Hawaii",Point,-155.547333333333,19.3875,4.68,USGS,2026-08-25 17:29:58.460833
47,Feature,uu80150281,2.09,"16 km NE of Milford, Utah",1787637305750,1787639038970,,https://earthquake.usgs.gov/earthquakes/eventpage/uu80150281,https://earthquake.usgs.gov/earthquakes/feed/v1.0/detail/uu80150281.geojson,,,,,reviewed,0,67,uu,80150281,",uu80150281,",",uu,",",origin,phase-data,",26,0.004476,0.11,42,ml,earthquake,"M 2.1 - 16 km NE of Milford, Utah",Point,-112.886166666667,38.5121666666667,1.36,USGS,2026-08-25 17:29:58.460833
48,Feature,ci41535848,0.97,"2 km SSE of Frazier Park, CA",1787636940400,1787637154089,,https://earthquake.usgs.gov/earthquakes/eventpage/ci41535848,https://earthquake.usgs.gov/earthquakes/feed/v1.0/detail/ci41535848.geojson,,,,,automatic,0,14,ci,41535848,",ci41535848,",",ci,",",nearby-cities,origin,phase-data,",27,0.03766,0.19,55,ml,earthquake,"M 1.0 - 2 km SSE of Frazier Park, CA",Point,-118.939333333333,34.8036666666667,11.66,USGS,2026-08-25 17:29:58.460833
49,Feature,us6000tnbf,4.2,"33 km SW of Sandgerði, Iceland",1787636768079,1787639490040,,https://earthquake.usgs.gov/earthquakes/eventpage/us6000tnbf,https://earthquake.usgs.gov/earthquakes/feed/v1.0/detail/us6000tnbf.geojson,,,,,reviewed,0,271,us,6000tnbf,",us6000tnbf,",",us,",",origin,phase-data,",30,1.23,0.82,117,mb,earthquake,"M 4.2 - 33 km SW of Sandgerði, Iceland",Point,-23.2345,63.8453,10.0,USGS,2026-08-25 17:29:58.460833
50,Feature,hv74000229,1.74,"20 km NNW of Pāhala, Hawaii",1787636765430,1787639226530,,https://earthquake.usgs.gov/earthquakes/eventpage/hv74000229,https://earthquake.usgs.gov/earthquakes/feed/v1.0/detail/hv74000229.geojson,,,,,reviewed,0,47,hv,74000229,",hv74000229,",",hv,",",origin,phase-data,",36,0.03717,0.13,40,ml,earthquake,"M 1.7 - 20 km NNW of Pāhala, Hawaii",Point,-155.547333333333,19.3746666666667,2.39,USGS,2026-08-25 17:29:58.460833
51,Feature,ci41535840,-0.11,"15 km N of Warner Springs, CA",1787636740440,1787636941349,,https://earthquake.usgs.gov/earthquakes/eventpage/ci41535840,https://earthquake.usgs.gov/earthquakes/feed/v1.0/detail/ci41535840.geojson,,,,,automatic,0,0,ci,41535840,",ci41535840,",",ci,",",nearby-cities,origin,phase-data,",31,0.08487,0.12,40,ml,earthquake,"M -0.1 - 15 km N of Warner Springs, CA",Point,-116.639833333333,33.4156666666667,6.76,USGS,2026-08-25 17:29:58.460833
52,Feature,hv75023582,0.8,"18 km NNW of Pāhala, Hawaii",1787636691510,1787637422630,,https://earthquake.usgs.gov/earthquakes/eventpage/hv75023582,https://earthquake.usgs.gov/earthquakes/feed/v1.0/detail/hv75023582.geojson,,,,,reviewed,0,10,hv,75023582,",hv75023582,",",hv,",",origin,phase-data,",19,0.05171,0.17,52,md,earthquake,"M 0.8 - 18 km NNW of Pāhala, Hawaii",Point,-155.541333333333,19.3603333333333,-1.23,USGS,2026-08-25 17:29:58.460833
53,Feature,tx2026qrqplr,0.2,"39 km E of McKinney Acres, Texas",1787636314131,1787647520438,,https://earthquake.usgs.gov/earthquakes/eventpage/tx2026qrqplr,https://earthquake.usgs.gov/earthquakes/feed/v1.0/detail/tx2026qrqplr.geojson,,,,,reviewed,0,1,tx,2026qrqplr,",tx2026qrqplr,",",tx,",",origin,phase-data,",15,0.0,0.2,58,ml,earthquake,"M 0.2 - 39 km E of McKinney Acres, Texas",Point,-102.111,32.365,8.2764,USGS,2026-08-25 17:29:58.460833
54,Feature,ci41535832,0.93,"10 km ENE of Coso Junction, CA",1787635669880,1787635870859,,https://earthquake.usgs.gov/earthquakes/eventpage/ci41535832,https://earthquake.usgs.gov/earthquakes/feed/v1.0/detail/ci41535832.geojson,,,,,automatic,0,13,ci,41535832,",ci41535832,",",ci,",",nearby-cities,origin,phase-data,",23,0.04806,0.14,69,ml,earthquake,"M 0.9 - 10 km ENE of Coso Junction, CA",Point,-117.845666666667,36.07,2.05,USGS,2026-08-25 17:29:58.460833
55,Feature,hv75023562,0.92,"20 km NNW of Pāhala, Hawaii",1787635439510,1787636821850,,https://earthquake.usgs.gov/earthquakes/eventpage/hv75023562,https://earthquake.usgs.gov/earthquakes/feed/v1.0/detail/hv75023562.geojson,,,,,reviewed,0,13,hv,75023562,",hv75023562,",",hv,",",origin,phase-data,",19,0.03592,0.1,66,md,earthquake,"M 0.9 - 20 km NNW of Pāhala, Hawaii",Point,-155.542666666667,19.3761666666667,2.31,USGS,2026-08-25 17:29:58.460833
56,Feature,ci41535824,2.05,"10 km ENE of Coso Junction, CA",1787635066090,1787635275497,,https://earthquake.usgs.gov/earthquakes/eventpage/ci41535824,https://earthquake.usgs.gov/earthquakes/feed/v1.0/detail/ci41535824.geojson,,,,,automatic,0,65,ci,41535824,",ci41535824,",",ci,",",nearby-cities,origin,phase-data,scitech-link,",28,0.0485,0.14,47,ml,earthquake,"M 2.1 - 10 km ENE of Coso Junction, CA",Point,-117.844833333333,36.0696666666667,2.53,USGS,2026-08-25 17:29:58.460833
57,Feature,hv75023547,0.7,"20 km NNW of Pāhala, Hawaii",1787634971520,1787636131130,,https://earthquake.usgs.gov/earthquakes/eventpage/hv75023547,https://earthquake.usgs.gov/earthquakes/feed/v1.0/detail/hv75023547.geojson,,,,,reviewed,0,8,hv,75023547,",hv75023547,",",hv,",",origin,phase-data,",18,0.03529,0.13,47,md,earthquake,"M 0.7 - 20 km NNW of Pāhala, Hawaii",Point,-155.541166666667,19.377,2.47,USGS,2026-08-25 17:29:58.460833
58,Feature,ci41535816,0.64,"1 km W of Borrego Springs, CA",1787634877010,1787635084892,,https://earthquake.usgs.gov/earthquakes/eventpage/ci41535816,https://earthquake.usgs.gov/earthquakes/feed/v1.0/detail/ci41535816.geojson,,,,,automatic,0,6,ci,41535816,",ci41535816,",",ci,",",nearby-cities,origin,phase-data,",43,0.03239,0.19,47,ml,earthquake,"M 0.6 - 1 km W of Borrego Springs, CA",Point,-116.381666666667,33.2553333333333,9.88,USGS,2026-08-25 17:29:58.460833
59,Feature,pr71529718,2.33,"20 km SW of Stella, Puerto Rico",1787634562210,1787653301900,,https://earthquake.usgs.gov/earthquakes/eventpage/pr71529718,https://earthquake.usgs.gov/earthquakes/feed/v1.0/detail/pr71529718.geojson,,,,,reviewed,0,84,pr,71529718,",pr71529718,",",pr,",",origin,phase-data,",11,0.2086,0.23,207,md,earthquake,"M 2.3 - 20 km SW of Stella, Puerto Rico",Point,-67.3601666666667,18.1771666666667,19.05,USGS,2026-08-25 17:29:58.460833
60,Feature,nc75424757,0.28,"5 km WNW of The Geysers, CA",1787634030620,1787634129030,,https://earthquake.usgs.gov/earthquakes/eventpage/nc75424757,https://earthquake.usgs.gov/earthquakes/feed/v1.0/detail/nc75424757.geojson,,,,,automatic,0,1,nc,75424757,",nc75424757,",",nc,",",nearby-cities,origin,phase-data,",7,0.007957,0.01,143,md,earthquake,"M 0.3 - 5 km WNW of The Geysers, CA",Point,-122.809997558594,38.7941665649414,3.27999997138977,USGS,2026-08-25 17:29:58.460833
61,Feature,nc75424752,0.7,"9 km WNW of The Geysers, CA",1787633939350,1787637142930,,https://earthquake.usgs.gov/earthquakes/eventpage/nc75424752,https://earthquake.usgs.gov/earthquakes/feed/v1.0/detail/nc75424752.geojson,,,,,automatic,0,8,nc,75424752,",nc75424752,",",nc,",",nearby-cities,origin,phase-data,scitech-link,",9,0.007866,0.01,125,md,earthquake,"M 0.7 - 9 km WNW of The Geysers, CA",Point,-122.842498779297,38.8178329467773,1.46000003814697,USGS,2026-08-25 17:29:58.460833
62,Feature,ci41535808,0.53,"6 km ENE of Anza, CA",1787633872600,1787634072750,,https://earthquake.usgs.gov/earthquakes/eventpage/ci41535808,https://earthquake.usgs.gov/earthquakes/feed/v1.0/detail/ci41535808.geojson,,,,,automatic,0,4,ci,41535808,",ci41535808,",",ci,",",nearby-cities,origin,phase-data,",33,0.0206,0.13,39,ml,earthquake,"M 0.5 - 6 km ENE of Anza, CA",Point,-116.615,33.585,13.25,USGS,2026-08-25 17:29:58.460833
63,Feature,ci41535800,1.06,"3 km NNW of Murrieta, CA",1787633597080,1787633800861,,https://earthquake.usgs.gov/earthquakes/eventpage/ci41535800,https://earthquake.usgs.gov/earthquakes/feed/v1.0/detail/ci41535800.geojson,,,,,automatic,0,17,ci,41535800,",ci41535800,",",ci,",",nearby-cities,origin,phase-data,scitech-link,",55,0.03218,0.19,46,ml,earthquake,"M 1.1 - 3 km NNW of Murrieta, CA",Point,-117.227833333333,33.5825,15.27,USGS,2026-08-25 17:29:58.460833
64,Feature,aka2026qugxyb,1.8,"18 km NW of Central, Alaska",1787633563047,1787633641462,,https://earthquake.usgs.gov/earthquakes/eventpage/aka2026qugxyb,https://earthquake.usgs.gov/earthquakes/feed/v1.0/detail/aka2026qugxyb.geojson,,,,,automatic,0,50,ak,a2026qugxyb,",aka2026qugxyb,",",ak,",",origin,phase-data,",20,0.2,0.9,51,ml,earthquake,"M 1.8 - 18 km NW of Central, Alaska",Point,-145.133,65.665,2.3,USGS,2026-08-25 17:29:58.460833
65,Feature,tx2026qrpave,2.4,"53 km S of Whites City, New Mexico",1787633484077,1787642050576,,https://earthquake.usgs.gov/earthquakes/eventpage/tx2026qrpave,https://earthquake.usgs.gov/earthquakes/feed/v1.0/detail/tx2026qrpave.geojson,,,,,reviewed,0,89,tx,2026qrpave,",tx2026qrpave,",",tx,",",origin,phase-data,",43,0.0,0.2,71,ml,earthquake,"M 2.4 - 53 km S of Whites City, New Mexico",Point,-104.311,31.693,7.074,USGS,2026-08-25 17:29:58.460833
66,Feature,nc75424747,0.32,"11 km NW of The Geysers, CA",1787633444690,1787633538450,,https://earthquake.usgs.gov/earthquakes/eventpage/nc75424747,https://earthquake.usgs.gov/earthquakes/feed/v1.0/detail/nc75424747.geojson,,,,,automatic,0,2,nc,75424747,",nc75424747,",",nc,",",nearby-cities,origin,phase-data,",9,0.01282,0.01,130,md,earthquake,"M 0.3 - 11 km NW of The Geysers, CA",Point,-122.847503662109,38.8473320007324,1.55999994277954,USGS,2026-08-25 17:29:58.460833
67,Feature,hv75023502,1.85,"19 km NNW of Pāhala, Hawaii",1787633344920,1787634599580,,https://earthquake.usgs.gov/earthquakes/eventpage/hv75023502,https://earthquake.usgs.gov/earthquakes/feed/v1.0/detail/hv75023502.geojson,,,,,reviewed,0,53,hv,75023502,",hv75023502,",",hv,",",origin,phase-data,",38,0.04559,0.22,39,ml,earthquake,"M 1.9 - 19 km NNW of Pāhala, Hawaii",Point,-155.550666666667,19.3663333333333,-0.85,USGS,2026-08-25 17:29:58.460833
68,Feature,nc75424737,1.07,"6 km NW of The Geysers, CA",1787633279570,1787633373426,,https://earthquake.usgs.gov/earthquakes/eventpage/nc75424737,https://earthquake.usgs.gov/earthquakes/feed/v1.0/detail/nc75424737.geojson,,,,,automatic,0,18,nc,75424737,",nc75424737,",",nc,",",nearby-cities,origin,phase-data,",17,0.01037,0.01,35,md,earthquake,"M 1.1 - 6 km NW of The Geysers, CA",Point,-122.794502258301,38.8183326721191,3.20000004768372,USGS,2026-08-25 17:29:58.460833
69,Feature,hv75023492,1.85,"20 km NNW of Pāhala, Hawaii",1787633129050,1787635081100,,https://earthquake.usgs.gov/earthquakes/eventpage/hv75023492,https://earthquake.usgs.gov/earthquakes/feed/v1.0/detail/hv75023492.geojson,,,,,reviewed,0,53,hv,75023492,",hv75023492,",",hv,",",origin,phase-data,",15,0.0376,0.16,81,md,earthquake,"M 1.9 - 20 km NNW of Pāhala, Hawaii",Point,-155.542333333333,19.3745,3.35,USGS,2026-08-25 17:29:58.460833
70,Feature,ci41535792,0.74,"11 km ESE of Anza, CA",1787632362810,1787632563470,,https://earthquake.usgs.gov/earthquakes/eventpage/ci41535792,https://earthquake.usgs.gov/earthquakes/feed/v1.0/detail/ci41535792.geojson,,,,,automatic,0,8,ci,41535792,",ci41535792,",",ci,",",nearby-cities,origin,phase-data,",15,0.05464,0.1,69,ml,earthquake,"M 0.7 - 11 km ESE of Anza, CA",Point,-116.558333333333,33.5353333333333,15.98,USGS,2026-08-25 17:29:58.460833
71,Feature,ci41535784,0.54,"9 km W of Anza, CA",1787631805140,1787632019393,,https://earthquake.usgs.gov/earthquakes/eventpage/ci41535784,https://earthquake.usgs.gov/earthquakes/feed/v1.0/detail/ci41535784.geojson,,,,,automatic,0,4,ci,41535784,",ci41535784,",",ci,",",nearby-cities,origin,phase-data,",25,0.02553,0.1,61,ml,earthquake,"M 0.5 - 9 km W of Anza, CA",Point,-116.772166666667,33.569,15.42,USGS,2026-08-25 17:29:58.460833
72,Feature,ci41535776,1.7,"9 km ENE of Coso Junction, CA",1787631666770,1787631874180,,https://earthquake.usgs.gov/earthquakes/eventpage/ci41535776,https://earthquake.usgs.gov/earthquakes/feed/v1.0/detail/ci41535776.geojson,,,,,automatic,0,44,ci,41535776,",ci41535776,",",ci,",",nearby-cities,origin,phase-data,scitech-link,",29,0.0495,0.14,51,ml,earthquake,"M 1.7 - 9 km ENE of Coso Junction, CA",Point,-117.8475,36.0683333333333,2.15,USGS,2026-08-25 17:29:58.460833
73,Feature,nc75424722,0.5,"8 km NW of The Geysers, CA",1787631532780,1787631629206,,https://earthquake.usgs.gov/earthquakes/eventpage/nc75424722,https://earthquake.usgs.gov/earthquakes/feed/v1.0/detail/nc75424722.geojson,,,,,automatic,0,4,nc,75424722,",nc75424722,",",nc,",",nearby-cities,origin,phase-data,",7,0.009262,0.01,87,md,earthquake,"M 0.5 - 8 km NW of The Geysers, CA",Point,-122.814498901367,38.8320007324219,1.60000002384186,USGS,2026-08-25 17:29:58.460833
74,Feature,nc75424717,0.76,"4 km WNW of The Geysers, CA",1787631075480,1787631174266,,https://earthquake.usgs.gov/earthquakes/eventpage/nc75424717,https://earthquake.usgs.gov/earthquakes/feed/v1.0/detail/nc75424717.geojson,,,,,automatic,0,9,nc,75424717,",nc75424717,",",nc,",",nearby-cities,origin,phase-data,",8,0.007486,0.01,142,md,earthquake,"M 0.8 - 4 km WNW of The Geysers, CA",Point,-122.799667358398,38.7953338623047,3.82999992370605,USGS,2026-08-25 17:29:58.460833
75,Feature,pr71529708,2.26,"5 km NNW of Coco, Puerto Rico",1787630474070,1787653834890,,https://earthquake.usgs.gov/earthquakes/eventpage/pr71529708,https://earthquake.usgs.gov/earthquakes/feed/v1.0/detail/pr71529708.geojson,,,,,reviewed,0,79,pr,71529708,",pr71529708,",",pr,",",origin,phase-data,",13,0.04964,0.26,155,md,earthquake,"M 2.3 - 5 km NNW of Coco, Puerto Rico",Point,-66.2835,18.0461666666667,13.88,USGS,2026-08-25 17:29:58.460833
76,Feature,tx2026qrnekv,1.8,"54 km S of Whites City, New Mexico",1787630332565,1787643179508,,https://earthquake.usgs.gov/earthquakes/eventpage/tx2026qrnekv,https://earthquake.usgs.gov/earthquakes/feed/v1.0/detail/tx2026qrnekv.geojson,,,,,reviewed,0,50,tx,2026qrnekv,",tx2026qrnekv,",",tx,",",origin,phase-data,",37,0.0,0.2,69,ml,earthquake,"M 1.8 - 54 km S of Whites City, New Mexico",Point,-104.309,31.689,7.5867,USGS,2026-08-25 17:29:58.460833
77,Feature,ci41535768,1.01,"21 km NNW of Tehachapi, CA",1787630181810,1787630387867,,https://earthquake.usgs.gov/earthquakes/eventpage/ci41535768,https://earthquake.usgs.gov/earthquakes/feed/v1.0/detail/ci41535768.geojson,,,,,automatic,0,16,ci,41535768,",ci41535768,",",ci,",",nearby-cities,origin,phase-data,",27,0.1046,0.12,72,ml,earthquake,"M 1.0 - 21 km NNW of Tehachapi, CA",Point,-118.5475,35.3056666666667,5.21,USGS,2026-08-25 17:29:58.460833
78,Feature,nc75424712,0.95,"3 km SW of Anderson Springs, CA",1787629649700,1787633247525,,https://earthquake.usgs.gov/earthquakes/eventpage/nc75424712,https://earthquake.usgs.gov/earthquakes/feed/v1.0/detail/nc75424712.geojson,,,,,automatic,0,14,nc,75424712,",nc75424712,",",nc,",",nearby-cities,origin,phase-data,scitech-link,",10,0.01025,0.04,121,md,earthquake,"M 1.0 - 3 km SW of Anderson Springs, CA",Point,-122.712669372559,38.7578315734863,1.54999995231628,USGS,2026-08-25 17:29:58.460833
79,Feature,nc75424707,1.27,"13 km SSE of Livermore, CA",1787629383020,1787636241838,,https://earthquake.usgs.gov/earthquakes/eventpage/nc75424707,https://earthquake.usgs.gov/earthquakes/feed/v1.0/detail/nc75424707.geojson,,,,,automatic,0,25,nc,75424707,",nc75424707,",",nc,",",nearby-cities,origin,phase-data,scitech-link,",11,0.06247,0.06,83,md,earthquake,"M 1.3 - 13 km SSE of Livermore, CA",Point,-121.704498291016,37.5755004882812,4.82999992370605,USGS,2026-08-25 17:29:58.460833
80,Feature,aka2026quenyy,0.9,"4 km NNW of Farmers Loop, Alaska",1787629275164,1787629326865,,https://earthquake.usgs.gov/earthquakes/eventpage/aka2026quenyy,https://earthquake.usgs.gov/earthquakes/feed/v1.0/detail/aka2026quenyy.geojson,,,,,automatic,0,12,ak,a2026quenyy,",aka2026quenyy,",",ak,",",origin,phase-data,",9,0.1,0.3,71,ml,earthquake,"M 0.9 - 4 km NNW of Farmers Loop, Alaska",Point,-147.735,64.944,5.0,USGS,2026-08-25 17:29:58.460833
81,Feature,us6000tnav,4.4,"47 km SW of Sandgerði, Iceland",1787629090923,1787630455040,,https://earthquake.usgs.gov/earthquakes/eventpage/us6000tnav,https://earthquake.usgs.gov/earthquakes/feed/v1.0/detail/us6000tnav.geojson,,,,,reviewed,0,298,us,6000tnav,",us6000tnav,",",us,",",origin,phase-data,",52,1.358,0.9,104,mb,earthquake,"M 4.4 - 47 km SW of Sandgerði, Iceland",Point,-23.419,63.7469,10.0,USGS,2026-08-25 17:29:58.460833
82,Feature,pr2026237000,4.13,"36 km NE of Punta Cana, Dominican Republic",1787628352460,1787656598833,,https://earthquake.usgs.gov/earthquakes/eventpage/pr2026237000,https://earthquake.usgs.gov/earthquakes/feed/v1.0/detail/pr2026237000.geojson,,,,,reviewed,0,262,pr,2026237000,",us6000tnas,pr2026237000,",",us,pr,",",origin,phase-data,",23,0.3798,0.65,166,md,earthquake,"M 4.1 - 36 km NE of Punta Cana, Dominican Republic",Point,-68.1843,18.8386,90.0,USGS,2026-08-25 17:29:58.460833
83,Feature,aka2026qudyre,2.0,"14 km ENE of Ninilchik, Alaska",1787628218691,1787630698714,,https://earthquake.usgs.gov/earthquakes/eventpage/aka2026qudyre,https://earthquake.usgs.gov/earthquakes/feed/v1.0/detail/aka2026qudyre.geojson,1.0,1.0,,,automatic,0,62,ak,a2026qudyre,",aka2026qudyre,",",ak,",",dyfi,origin,phase-data,",25,0.4,0.5,54,ml,earthquake,"M 2.0 - 14 km ENE of Ninilchik, Alaska",Point,-151.416,60.093,53.2,USGS,2026-08-25 17:29:58.460833
84,Feature,us6000tnam,4.4,"48 km NNE of Savannah Bight, Honduras",1787627608048,1787630819655,,https://earthquake.usgs.gov/earthquakes/eventpage/us6000tnam,https://earthquake.usgs.gov/earthquakes/feed/v1.0/detail/us6000tnam.geojson,4.0,3.9,,,reviewed,0,299,us,6000tnam,",us6000tnam,",",us,",",dyfi,origin,phase-data,",31,4.178,0.56,112,mb,earthquake,"M 4.4 - 48 km NNE of Savannah Bight, Honduras",Point,-85.6548,16.8505,10.0,USGS,2026-08-25 17:29:58.460833
85,Feature,nc75424692,0.2,"8 km NW of The Geysers, CA",1787627414780,1787629344092,,https://earthquake.usgs.gov/earthquakes/eventpage/nc75424692,https://earthquake.usgs.gov/earthquakes/feed/v1.0/detail/nc75424692.geojson,,,,,automatic,0,1,nc,75424692,",nc75424692,",",nc,",",nearby-cities,origin,phase-data,scitech-link,",8,0.01038,0.02,81,md,earthquake,"M 0.2 - 8 km NW of The Geysers, CA",Point,-122.817832946777,38.8318328857422,1.57000005245209,USGS,2026-08-25 17:29:58.460833
86,Feature,nc75424687,0.73,"8 km NW of The Geysers, CA",1787627351310,1787628742020,,https://earthquake.usgs.gov/earthquakes/eventpage/nc75424687,https://earthquake.usgs.gov/earthquakes/feed/v1.0/detail/nc75424687.geojson,,,,,automatic,0,8,nc,75424687,",nc75424687,",",nc,",",nearby-cities,origin,phase-data,scitech-link,",8,0.01001,0.02,103,md,earthquake,"M 0.7 - 8 km NW of The Geysers, CA",Point,-122.818664550781,38.8308334350586,1.49000000953674,USGS,2026-08-25 17:29:58.460833
87,Feature,us6000tnal,4.7,"219 km NNE of Lospalos, Timor Leste",1787627179912,1787629195040,,https://earthquake.usgs.gov/earthquakes/eventpage/us6000tnal,https://earthquake.usgs.gov/earthquakes/feed/v1.0/detail/us6000tnal.geojson,,,,,reviewed,0,340,us,6000tnal,",us6000tnal,",",us,",",origin,phase-data,",24,3.126,0.75,64,mb,earthquake,"M 4.7 - 219 km NNE of Lospalos, Timor Leste",Point,127.5589,-6.6149,10.169,USGS,2026-08-25 17:29:58.460833
88,Feature,tx2026qrllwv,1.5,"54 km S of Whites City, New Mexico",1787627029283,1787646116898,,https://earthquake.usgs.gov/earthquakes/eventpage/tx2026qrllwv,https://earthquake.usgs.gov/earthquakes/feed/v1.0/detail/tx2026qrllwv.geojson,,,,,reviewed,0,35,tx,2026qrllwv,",tx2026qrllwv,",",tx,",",origin,phase-data,",30,0.0,0.2,68,ml,earthquake,"M 1.5 - 54 km S of Whites City, New Mexico",Point,-104.304,31.685,7.7405,USGS,2026-08-25 17:29:58.460833
89,Feature,tx2026qrlhxt,1.5,"53 km S of Whites City, New Mexico",1787626737171,1787646662964,,https://earthquake.usgs.gov/earthquakes/eventpage/tx2026qrlhxt,https://earthquake.usgs.gov/earthquakes/feed/v1.0/detail/tx2026qrlhxt.geojson,,,,,reviewed,0,35,tx,2026qrlhxt,",tx2026qrlhxt,",",tx,",",origin,phase-data,",31,0.0,0.2,71,ml,earthquake,"M 1.5 - 53 km S of Whites City, New Mexico",Point,-104.303,31.693,7.2791,USGS,2026-08-25 17:29:58.460833
90,Feature,pr71529733,3.14,"29 km NE of Cruz Bay, U.S. Virgin Islands",1787626605200,1787652871110,,https://earthquake.usgs.gov/earthquakes/eventpage/pr71529733,https://earthquake.usgs.gov/earthquakes/feed/v1.0/detail/pr71529733.geojson,,,,,reviewed,0,152,pr,71529733,",pr71529733,",",pr,",",origin,phase-data,",4,0.1299,0.53,215,md,earthquake,"M 3.1 - 29 km NE of Cruz Bay, U.S. Virgin Islands",Point,-64.6406666666667,18.5493333333333,14.39,USGS,2026-08-25 17:29:58.460833
91,Feature,ci41535760,0.85,"7 km E of Calimesa, CA",1787626525690,1787626725712,,https://earthquake.usgs.gov/earthquakes/eventpage/ci41535760,https://earthquake.usgs.gov/earthquakes/feed/v1.0/detail/ci41535760.geojson,,,,,automatic,0,11,ci,41535760,",ci41535760,",",ci,",",nearby-cities,origin,phase-data,",36,0.1018,0.13,40,ml,earthquake,"M 0.9 - 7 km E of Calimesa, CA",Point,-116.978833333333,33.998,10.93,USGS,2026-08-25 17:29:58.460833
92,Feature,aka2026qucyci,1.3,"33 km WNW of Beluga, Alaska",1787626378558,1787626456103,,https://earthquake.usgs.gov/earthquakes/eventpage/aka2026qucyci,https://earthquake.usgs.gov/earthquakes/feed/v1.0/detail/aka2026qucyci.geojson,,,,,automatic,0,26,ak,a2026qucyci,",aka2026qucyci,",",ak,",",origin,phase-data,",33,0.2,0.6,53,ml,earthquake,"M 1.3 - 33 km WNW of Beluga, Alaska",Point,-151.663,61.248,82.0,USGS,2026-08-25 17:29:58.460833
93,Feature,ci41535752,1.24,"26 km NNE of Montecito, CA",1787625427660,1787625640013,,https://earthquake.usgs.gov/earthquakes/eventpage/ci41535752,https://earthquake.usgs.gov/earthquakes/feed/v1.0/detail/ci41535752.geojson,,,,,automatic,0,24,ci,41535752,",ci41535752,",",ci,",",nearby-cities,origin,phase-data,",20,0.1345,0.17,84,ml,earthquake,"M 1.2 - 26 km NNE of Montecito, CA",Point,-119.544833333333,34.6623333333333,6.64,USGS,2026-08-25 17:29:58.460833
94,Feature,nc75424677,1.04,"7 km NW of The Geysers, CA",1787624894850,1787627845912,,https://earthquake.usgs.gov/earthquakes/eventpage/nc75424677,https://earthquake.usgs.gov/earthquakes/feed/v1.0/detail/nc75424677.geojson,,,,,automatic,0,17,nc,75424677,",nc75424677,",",nc,",",nearby-cities,origin,phase-data,scitech-link,",20,0.01012,0.02,50,md,earthquake,"M 1.0 - 7 km NW of The Geysers, CA",Point,-122.817001342773,38.8148345947266,0.600000023841858,USGS,2026-08-25 17:29:58.460833
95,Feature,nc75424672,0.3,"9 km WNW of The Geysers, CA",1787624058380,1787627243855,,https://earthquake.usgs.gov/earthquakes/eventpage/nc75424672,https://earthquake.usgs.gov/earthquakes/feed/v1.0/detail/nc75424672.geojson,,,,,automatic,0,1,nc,75424672,",nc75424672,",",nc,",",nearby-cities,origin,phase-data,scitech-link,",10,0.005883,0.01,116,md,earthquake,"M 0.3 - 9 km WNW of The Geysers, CA",Point,-122.841667175293,38.8203315734863,1.88999998569489,USGS,2026-08-25 17:29:58.460833
96,Feature,us6000tnai,4.7,"61 km ENE of Aras-asan, Philippines",1787623144254,1787626494040,,https://earthquake.usgs.gov/earthquakes/eventpage/us6000tnai,https://earthquake.usgs.gov/earthquakes/feed/v1.0/detail/us6000tnai.geojson,,,,,reviewed,0,340,us,6000tnai,",us6000tnai,",",us,",",origin,phase-data,",54,2.324,0.62,107,mb,earthquake,"M 4.7 - 61 km ENE of Aras-asan, Philippines",Point,126.8546,9.0329,13.458,USGS,2026-08-25 17:29:58.460833
97,Feature,aka2026qubbsr,0.9,"41 km NE of Whittier, Alaska",1787623029167,1787623090994,,https://earthquake.usgs.gov/earthquakes/eventpage/aka2026qubbsr,https://earthquake.usgs.gov/earthquakes/feed/v1.0/detail/aka2026qubbsr.geojson,,,,,automatic,0,12,ak,a2026qubbsr,",aka2026qubbsr,",",ak,",",origin,phase-data,",8,0.0,0.2,180,ml,earthquake,"M 0.9 - 41 km NE of Whittier, Alaska",Point,-148.124,61.027,25.1,USGS,2026-08-25 17:29:58.460833
98,Feature,us6000tnag,4.4,"13 km SSE of Comandău, Romania",1787622998839,1787648171569,,https://earthquake.usgs.gov/earthquakes/eventpage/us6000tnag,https://earthquake.usgs.gov/earthquakes/feed/v1.0/detail/us6000tnag.geojson,4.0,2.0,,,reviewed,0,299,us,6000tnag,",us6000tnag,",",us,",",dyfi,origin,phase-data,",40,1.898,0.66,37,mb,earthquake,"M 4.4 - 13 km SSE of Comandău, Romania",Point,26.3349,45.6554,143.594,USGS,2026-08-25 17:29:58.460833
99,Feature,nc75424652,1.4,"9 km NW of Redwood Valley, CA",1787622964660,1787634443650,,https://earthquake.usgs.gov/earthquakes/eventpage/nc75424652,https://earthquake.usgs.gov/earthquakes/feed/v1.0/detail/nc75424652.geojson,,,,,automatic,0,30,nc,75424652,",nc75424652,",",nc,",",nearby-cities,origin,phase-data,scitech-link,",10,0.05816,0.04,109,md,earthquake,"M 1.4 - 9 km NW of Redwood Valley, CA",Point,-123.266502380371,39.3274993896484,5.92000007629395,USGS,2026-08-25 17:29:58.460833
100,Feature,ci41535728,0.36,"9 km S of Idyllwild, CA",1787622644100,1787622849924,,https://earthquake.usgs.gov/earthquakes/eventpage/ci41535728,https://earthquake.usgs.gov/earthquakes/feed/v1.0/detail/ci41535728.geojson,,,,,automatic,0,2,ci,41535728,",ci41535728,",",ci,",",nearby-cities,origin,phase-data,",25,0.04968,0.16,88,ml,earthquake,"M 0.4 - 9 km S of Idyllwild, CA",Point,-116.724833333333,33.6621666666667,14.58,USGS,2026-08-25 17:29:58.460833
101,Feature,ci41535720,0.97,"10 km S of Idyllwild, CA",1787622555780,1787622759901,,https://earthquake.usgs.gov/earthquakes/eventpage/ci41535720,https://earthquake.usgs.gov/earthquakes/feed/v1.0/detail/ci41535720.geojson,,,,,automatic,0,14,ci,41535720,",ci41535720,",",ci,",",nearby-cities,origin,phase-data,",56,0.05225,0.16,24,ml,earthquake,"M 1.0 - 10 km S of Idyllwild, CA",Point,-116.733166666667,33.6521666666667,13.43,USGS,2026-08-25 17:29:58.460833
102,Feature,aka2026quarxm,1.6,"27 km SW of Karluk, Alaska",1787622350943,1787622441400,,https://earthquake.usgs.gov/earthquakes/eventpage/aka2026quarxm,https://earthquake.usgs.gov/earthquakes/feed/v1.0/detail/aka2026quarxm.geojson,,,,,automatic,0,39,ak,a2026quarxm,",aka2026quarxm,",",ak,",",origin,phase-data,",11,0.2,0.7,127,ml,earthquake,"M 1.6 - 27 km SW of Karluk, Alaska",Point,-154.818,57.424,54.2,USGS,2026-08-25 17:29:58.460833
103,Feature,aka2026quarli,2.3,"29 km NNW of Susitna, Alaska",1787622319950,1787624935808,,https://earthquake.usgs.gov/earthquakes/eventpage/aka2026quarli,https://earthquake.usgs.gov/earthquakes/feed/v1.0/detail/aka2026quarli.geojson,1.0,1.0,,,automatic,0,81,ak,a2026quarli,",aka2026quarli,",",ak,",",dyfi,origin,phase-data,",34,0.6,0.6,94,ml,earthquake,"M 2.3 - 29 km NNW of Susitna, Alaska",Point,-150.791,61.774,73.1,USGS,2026-08-25 17:29:58.460833
104,Feature,tx2026qrinrd,1.7,"8 km NW of Lindsay, Texas",1787621712001,1787644222178,,https://earthquake.usgs.gov/earthquakes/eventpage/tx2026qrinrd,https://earthquake.usgs.gov/earthquakes/feed/v1.0/detail/tx2026qrinrd.geojson,,,,,reviewed,0,44,tx,2026qrinrd,",tx2026qrinrd,",",tx,",",origin,phase-data,",19,0.1,0.2,43,ml,earthquake,"M 1.7 - 8 km NW of Lindsay, Texas",Point,-103.605,31.426,4.613,USGS,2026-08-25 17:29:58.460833
105,Feature,nc75424637,1.54,"9 km NW of Redwood Valley, CA",1787621686420,1787624244541,,https://earthquake.usgs.gov/earthquakes/eventpage/nc75424637,https://earthquake.usgs.gov/earthquakes/feed/v1.0/detail/nc75424637.geojson,,,,,automatic,0,36,nc,75424637,",nc75424637,",",nc,",",nearby-cities,origin,phase-data,scitech-link,",12,0.05716,0.05,86,md,earthquake,"M 1.5 - 9 km NW of Redwood Valley, CA",Point,-123.265998840332,39.3258323669434,6.84000015258789,USGS,2026-08-25 17:29:58.460833
106,Feature,us6000tnaa,4.5,"74 km SSE of Panguna, Papua New Guinea",1787620945241,1787622129040,,https://earthquake.usgs.gov/earthquakes/eventpage/us6000tnaa,https://earthquake.usgs.gov/earthquakes/feed/v1.0/detail/us6000tnaa.geojson,,,,,reviewed,0,312,us,6000tnaa,",us6000tnaa,",",us,",",origin,phase-data,",24,4.429,0.37,136,mb,earthquake,"M 4.5 - 74 km SSE of Panguna, Papua New Guinea",Point,155.6413,-6.9731,109.317,USGS,2026-08-25 17:29:58.460833
107,Feature,us6000tna9,4.9,"4 km NNE of Jalālābād, Afghanistan",1787620726243,1787655775490,,https://earthquake.usgs.gov/earthquakes/eventpage/us6000tna9,https://earthquake.usgs.gov/earthquakes/feed/v1.0/detail/us6000tna9.geojson,1.0,5.2,,,reviewed,0,370,us,6000tna9,",us6000tna9,",",us,",",dyfi,origin,phase-data,",73,1.098,1.07,104,mb,earthquake,"M 4.9 - 4 km NNE of Jalālābād, Afghanistan",Point,70.463,34.462,10.0,USGS,2026-08-25 17:29:58.460833
108,Feature,aka2026qtzspw,1.8,"58 km NNW of Petersville, Alaska",1787620604263,1787620702199,,https://earthquake.usgs.gov/earthquakes/eventpage/aka2026qtzspw,https://earthquake.usgs.gov/earthquakes/feed/v1.0/detail/aka2026qtzspw.geojson,,,,,automatic,0,50,ak,a2026qtzspw,",aka2026qtzspw,",",ak,",",origin,phase-data,",37,0.4,0.5,63,ml,earthquake,"M 1.8 - 58 km NNW of Petersville, Alaska",Point,-151.354,62.944,132.8,USGS,2026-08-25 17:29:58.460833
109,Feature,nc75424622,0.21,"6 km WNW of Cobb, CA",1787620330860,1787620427798,,https://earthquake.usgs.gov/earthquakes/eventpage/nc75424622,https://earthquake.usgs.gov/earthquakes/feed/v1.0/detail/nc75424622.geojson,,,,,automatic,0,1,nc,75424622,",nc75424622,",",nc,",",nearby-cities,origin,phase-data,",8,0.005786,0.02,80,md,earthquake,"M 0.2 - 6 km WNW of Cobb, CA",Point,-122.793502807617,38.8331680297852,1.58000004291534,USGS,2026-08-25 17:29:58.460833
110,Feature,ci41535712,1.17,"1 km SW of Loma Linda, CA",1787620064190,1787620270919,,https://earthquake.usgs.gov/earthquakes/eventpage/ci41535712,https://earthquake.usgs.gov/earthquakes/feed/v1.0/detail/ci41535712.geojson,,,,,automatic,0,21,ci,41535712,",ci41535712,",",ci,",",nearby-cities,origin,phase-data,",20,0.1589,0.11,207,ml,earthquake,"M 1.2 - 1 km SW of Loma Linda, CA",Point,-117.271833333333,34.0393333333333,13.46,USGS,2026-08-25 17:29:58.460833
111,Feature,nc75424617,2.74,"17 km SSE of Shandon, CA",1787619927290,1787631745367,,https://earthquake.usgs.gov/earthquakes/eventpage/nc75424617,https://earthquake.usgs.gov/earthquakes/feed/v1.0/detail/nc75424617.geojson,,,,,automatic,0,116,nc,75424617,",nc75424617,",",nc,",",nearby-cities,origin,phase-data,scitech-link,",4,0.3056,0.03,177,md,earthquake,"M 2.7 - 17 km SSE of Shandon, CA",Point,-120.331336975098,35.5060005187988,31.1100006103516,USGS,2026-08-25 17:29:58.460833
112,Feature,nc75424602,1.32,"10 km SE of Cloverdale, CA",1787619539250,1787622446349,,https://earthquake.usgs.gov/earthquakes/eventpage/nc75424602,https://earthquake.usgs.gov/earthquakes/feed/v1.0/detail/nc75424602.geojson,,,,,automatic,0,27,nc,75424602,",nc75424602,",",nc,",",nearby-cities,origin,phase-data,scitech-link,",12,0.07385,0.02,186,md,earthquake,"M 1.3 - 10 km SE of Cloverdale, CA",Point,-122.936500549316,38.7463340759277,5.48000001907349,USGS,2026-08-25 17:29:58.460833
113,Feature,nc75424597,1.41,"3 km W of Anderson Springs, CA",1787619473400,1787621542250,,https://earthquake.usgs.gov/earthquakes/eventpage/nc75424597,https://earthquake.usgs.gov/earthquakes/feed/v1.0/detail/nc75424597.geojson,,,,,automatic,0,31,nc,75424597,",nc75424597,",",nc,",",nearby-cities,origin,phase-data,scitech-link,",16,0.01066,0.06,66,md,earthquake,"M 1.4 - 3 km W of Anderson Springs, CA",Point,-122.722999572754,38.7721672058105,1.51999998092651,USGS,2026-08-25 17:29:58.460833
114,Feature,ci41535704,0.96,"9 km ENE of Coso Junction, CA",1787619461880,1787619667526,,https://earthquake.usgs.gov/earthquakes/eventpage/ci41535704,https://earthquake.usgs.gov/earthquakes/feed/v1.0/detail/ci41535704.geojson,,,,,automatic,0,14,ci,41535704,",ci41535704,",",ci,",",nearby-cities,origin,phase-data,",19,0.05497,0.14,69,ml,earthquake,"M 1.0 - 9 km ENE of Coso Junction, CA",Point,-117.845666666667,36.063,2.46,USGS,2026-08-25 17:29:58.460833
115,Feature,ci41535696,0.61,"9 km ENE of Coso Junction, CA",1787618977900,1787619185544,,https://earthquake.usgs.gov/earthquakes/eventpage/ci41535696,https://earthquake.usgs.gov/earthquakes/feed/v1.0/detail/ci41535696.geojson,,,,,automatic,0,6,ci,41535696,",ci41535696,",",ci,",",nearby-cities,origin,phase-data,",17,0.05433,0.16,69,ml,earthquake,"M 0.6 - 9 km ENE of Coso Junction, CA",Point,-117.8455,36.0636666666667,2.62,USGS,2026-08-25 17:29:58.460833
116,Feature,nc75424562,2.42,"9 km WNW of The Geysers, CA",1787617351250,1787630843272,,https://earthquake.usgs.gov/earthquakes/eventpage/nc75424562,https://earthquake.usgs.gov/earthquakes/feed/v1.0/detail/nc75424562.geojson,,,,,automatic,0,90,nc,75424562,",nc75424562,",",nc,",",focal-mechanism,nearby-cities,origin,phase-data,scitech-link,",69,0.006569,0.09,28,md,earthquake,"M 2.4 - 9 km WNW of The Geysers, CA",Point,-122.842834472656,38.8206672668457,1.72000002861023,USGS,2026-08-25 17:29:58.460833
117,Feature,ci41535680,0.32,"12 km SE of Anza, CA",1787617277130,1787617480355,,https://earthquake.usgs.gov/earthquakes/eventpage/ci41535680,https://earthquake.usgs.gov/earthquakes/feed/v1.0/detail/ci41535680.geojson,,,,,automatic,0,2,ci,41535680,",ci41535680,",",ci,",",nearby-cities,origin,phase-data,",23,0.02761,0.12,45,ml,earthquake,"M 0.3 - 12 km SE of Anza, CA",Point,-116.583,33.4721666666667,10.91,USGS,2026-08-25 17:29:58.460833
118,Feature,us6000tn9w,4.9,"34 km NW of Ruteng, Indonesia",1787616324229,1787617404040,,https://earthquake.usgs.gov/earthquakes/eventpage/us6000tn9w,https://earthquake.usgs.gov/earthquakes/feed/v1.0/detail/us6000tn9w.geojson,,,,,reviewed,0,369,us,6000tn9w,",us6000tn9w,",",us,",",origin,phase-data,",31,3.418,0.56,123,mb,earthquake,"M 4.9 - 34 km NW of Ruteng, Indonesia",Point,120.2166,-8.4237,10.0,USGS,2026-08-25 17:29:58.460833
119,Feature,ci41535672,1.9,"9 km ENE of Coso Junction, CA",1787616165010,1787616379574,,https://earthquake.usgs.gov/earthquakes/eventpage/ci41535672,https://earthquake.usgs.gov/earthquakes/feed/v1.0/detail/ci41535672.geojson,,,,,automatic,0,56,ci,41535672,",ci41535672,",",ci,",",nearby-cities,origin,phase-data,scitech-link,",33,0.04982,0.15,51,ml,earthquake,"M 1.9 - 9 km ENE of Coso Junction, CA",Point,-117.847666666667,36.068,2.13,USGS,2026-08-25 17:29:58.460833
120,Feature,ci41535664,1.13,"17 km WSW of Johannesburg, CA",1787616104500,1787616315357,,https://earthquake.usgs.gov/earthquakes/eventpage/ci41535664,https://earthquake.usgs.gov/earthquakes/feed/v1.0/detail/ci41535664.geojson,,,,,automatic,0,20,ci,41535664,",ci41535664,",",ci,",",nearby-cities,origin,phase-data,scitech-link,",39,0.05649,0.23,41,ml,earthquake,"M 1.1 - 17 km WSW of Johannesburg, CA",Point,-117.809666666667,35.3156666666667,6.5,USGS,2026-08-25 17:29:58.460833
121,Feature,av94401873,0.66,"47 km NE of Ugashik, Alaska",1787615832200,1787633839940,,https://earthquake.usgs.gov/earthquakes/eventpage/av94401873,https://earthquake.usgs.gov/earthquakes/feed/v1.0/detail/av94401873.geojson,,,,,reviewed,0,7,av,94401873,",av94401873,",",av,",",origin,phase-data,",6,0.1416,0.15,190,ml,earthquake,"M 0.7 - 47 km NE of Ugashik, Alaska",Point,-156.870666666667,57.8378333333333,18.56,USGS,2026-08-25 17:29:58.460833
122,Feature,nc75424537,1.26,"2 km N of The Geysers, CA",1787615686540,1787619140988,,https://earthquake.usgs.gov/earthquakes/eventpage/nc75424537,https://earthquake.usgs.gov/earthquakes/feed/v1.0/detail/nc75424537.geojson,,,,,automatic,0,24,nc,75424537,",nc75424537,",",nc,",",nearby-cities,origin,phase-data,scitech-link,",22,0.00802,0.04,90,md,earthquake,"M 1.3 - 2 km N of The Geysers, CA",Point,-122.752830505371,38.7946662902832,-0.100000001490116,USGS,2026-08-25 17:29:58.460833
123,Feature,ci41535656,0.54,"18 km ESE of Anza, CA",1787615470310,1787615680157,,https://earthquake.usgs.gov/earthquakes/eventpage/ci41535656,https://earthquake.usgs.gov/earthquakes/feed/v1.0/detail/ci41535656.geojson,,,,,automatic,0,4,ci,41535656,",ci41535656,",",ci,",",nearby-cities,origin,phase-data,",23,0.08544,0.13,58,ml,earthquake,"M 0.5 - 18 km ESE of Anza, CA",Point,-116.500833333333,33.4835,13.9,USGS,2026-08-25 17:29:58.460833
124,Feature,nc75424527,0.9,"2 km N of The Geysers, CA",1787614926540,1787615022170,,https://earthquake.usgs.gov/earthquakes/eventpage/nc75424527,https://earthquake.usgs.gov/earthquakes/feed/v1.0/detail/nc75424527.geojson,,,,,automatic,0,12,nc,75424527,",nc75424527,",",nc,",",nearby-cities,origin,phase-data,",8,0.009456,0.03,137,md,earthquake,"M 0.9 - 2 km N of The Geysers, CA",Point,-122.752830505371,38.7928352355957,0.639999985694885,USGS,2026-08-25 17:29:58.460833
125,Feature,nc75424522,0.26,"3 km W of Cobb, CA",1787614730990,1787614827067,,https://earthquake.usgs.gov/earthquakes/eventpage/nc75424522,https://earthquake.usgs.gov/earthquakes/feed/v1.0/detail/nc75424522.geojson,,,,,automatic,0,1,nc,75424522,",nc75424522,",",nc,",",nearby-cities,origin,phase-data,",7,0.0115,0.01,129,md,earthquake,"M 0.3 - 3 km W of Cobb, CA",Point,-122.759498596191,38.8223342895508,1.87000000476837,USGS,2026-08-25 17:29:58.460833
126,Feature,ci41535648,1.86,"10 km ENE of Coso Junction, CA",1787614270180,1787614883130,,https://earthquake.usgs.gov/earthquakes/eventpage/ci41535648,https://earthquake.usgs.gov/earthquakes/feed/v1.0/detail/ci41535648.geojson,,,,,automatic,0,53,ci,41535648,",ci41535648,",",ci,",",focal-mechanism,nearby-cities,origin,phase-data,scitech-link,",31,0.05634,0.18,67,ml,earthquake,"M 1.9 - 10 km ENE of Coso Junction, CA",Point,-117.843833333333,36.0618333333333,2.3,USGS,2026-08-25 17:29:58.460833
127,Feature,ci41535640,1.77,"15 km ENE of Ridgecrest, CA",1787613797640,1787614455350,,https://earthquake.usgs.gov/earthquakes/eventpage/ci41535640,https://earthquake.usgs.gov/earthquakes/feed/v1.0/detail/ci41535640.geojson,,,,,automatic,0,48,ci,41535640,",ci41535640,",",ci,",",focal-mechanism,nearby-cities,origin,phase-data,scitech-link,",45,0.08546,0.14,37,ml,earthquake,"M 1.8 - 15 km ENE of Ridgecrest, CA",Point,-117.5275,35.6778333333333,9.07,USGS,2026-08-25 17:29:58.460833
128,Feature,nc75424507,1.09,"3 km W of Cobb, CA",1787613663640,1787616442682,,https://earthquake.usgs.gov/earthquakes/eventpage/nc75424507,https://earthquake.usgs.gov/earthquakes/feed/v1.0/detail/nc75424507.geojson,,,,,automatic,0,18,nc,75424507,",nc75424507,",",nc,",",nearby-cities,origin,phase-data,scitech-link,",9,0.01008,0.02,149,md,earthquake,"M 1.1 - 3 km W of Cobb, CA",Point,-122.759834289551,38.8241653442383,1.96000003814697,USGS,2026-08-25 17:29:58.460833
129,Feature,av94401853,0.17,"6 km NNW of Dutch Harbor, Alaska",1787613616150,1787634290430,,https://earthquake.usgs.gov/earthquakes/eventpage/av94401853,https://earthquake.usgs.gov/earthquakes/feed/v1.0/detail/av94401853.geojson,,,,,reviewed,0,0,av,94401853,",av94401853,",",av,",",origin,phase-data,",7,0.05909,0.19,148,ml,earthquake,"M 0.2 - 6 km NNW of Dutch Harbor, Alaska",Point,-166.589166666667,53.945,9.74,USGS,2026-08-25 17:29:58.460833
130,Feature,ci41535632,1.22,"5 km NW of Boron, CA",1787613446380,1787613651101,,https://earthquake.usgs.gov/earthquakes/eventpage/ci41535632,https://earthquake.usgs.gov/earthquakes/feed/v1.0/detail/ci41535632.geojson,,,,,automatic,0,23,ci,41535632,",ci41535632,",",ci,",",nearby-cities,origin,phase-data,",24,0.1045,0.17,59,ml,earthquake,"M 1.2 - 5 km NW of Boron, CA",Point,-117.684166666667,35.0386666666667,-0.75,USGS,2026-08-25 17:29:58.460833
131,Feature,aka2026qtvqfq,3.2,"46 km SSE of Denali National Park, Alaska",1787613238968,1787642574854,,https://earthquake.usgs.gov/earthquakes/eventpage/aka2026qtvqfq,https://earthquake.usgs.gov/earthquakes/feed/v1.0/detail/aka2026qtvqfq.geojson,1.0,1.0,,,automatic,0,158,ak,a2026qtvqfq,",aka2026qtvqfq,",",ak,",",dyfi,origin,phase-data,",52,0.4,0.9,39,ml,earthquake,"M 3.2 - 46 km SSE of Denali National Park, Alaska",Point,-151.442,63.14,2.6,USGS,2026-08-25 17:29:58.460833
132,Feature,tx2026qrdsxw,1.6,"17 km SSE of Ackerly, Texas",1787613020913,1787656636151,,https://earthquake.usgs.gov/earthquakes/eventpage/tx2026qrdsxw,https://earthquake.usgs.gov/earthquakes/feed/v1.0/detail/tx2026qrdsxw.geojson,,,,,automatic,0,39,tx,2026qrdsxw,",tx2026qrdsxw,",",tx,",",origin,phase-data,",55,0.0,0.4,45,ml,earthquake,"M 1.6 - 17 km SSE of Ackerly, Texas",Point,-101.62,32.393,4.0139,USGS,2026-08-25 17:29:58.460833
133,Feature,aka2026qtuxwd,3.0,"27 km ENE of Chignik, Alaska",1787611966383,1787612396941,,https://earthquake.usgs.gov/earthquakes/eventpage/aka2026qtuxwd,https://earthquake.usgs.gov/earthquakes/feed/v1.0/detail/aka2026qtuxwd.geojson,,,,,automatic,0,138,ak,a2026qtuxwd,",aka2026qtuxwd,",",ak,",",origin,phase-data,",74,0.3,0.5,129,ml,earthquake,"M 3.0 - 27 km ENE of Chignik, Alaska",Point,-158.0,56.404,87.1,USGS,2026-08-25 17:29:58.460833
134,Feature,aka2026qtugaw,0.9,"44 km NE of Whittier, Alaska",1787610735329,1787610796275,,https://earthquake.usgs.gov/earthquakes/eventpage/aka2026qtugaw,https://earthquake.usgs.gov/earthquakes/feed/v1.0/detail/aka2026qtugaw.geojson,,,,,automatic,0,12,ak,a2026qtugaw,",aka2026qtugaw,",",ak,",",origin,phase-data,",9,0.0,0.8,175,ml,earthquake,"M 0.9 - 44 km NE of Whittier, Alaska",Point,-148.141,61.072,15.0,USGS,2026-08-25 17:29:58.460833
135,Feature,ci41535624,1.73,"1 km S of Wrightwood, CA",1787610708220,1787610920752,,https://earthquake.usgs.gov/earthquakes/eventpage/ci41535624,https://earthquake.usgs.gov/earthquakes/feed/v1.0/detail/ci41535624.geojson,,,,,automatic,0,46,ci,41535624,",ci41535624,",",ci,",",nearby-cities,origin,phase-data,scitech-link,",21,0.04584,0.17,65,ml,earthquake,"M 1.7 - 1 km S of Wrightwood, CA",Point,-117.634,34.3543333333333,11.58,USGS,2026-08-25 17:29:58.460833
136,Feature,aka2026qtucdk,1.6,"37 km WSW of Akhiok, Alaska",1787610463933,1787610542617,,https://earthquake.usgs.gov/earthquakes/eventpage/aka2026qtucdk,https://earthquake.usgs.gov/earthquakes/feed/v1.0/detail/aka2026qtucdk.geojson,,,,,automatic,0,39,ak,a2026qtucdk,",aka2026qtucdk,",",ak,",",origin,phase-data,",10,0.4,0.6,185,ml,earthquake,"M 1.6 - 37 km WSW of Akhiok, Alaska",Point,-154.745,56.812,9.0,USGS,2026-08-25 17:29:58.460833
137,Feature,ok2026qpbo,2.35,"3 km ENE of Medford, Oklahoma",1787610207699,1787633452040,,https://earthquake.usgs.gov/earthquakes/eventpage/ok2026qpbo,https://earthquake.usgs.gov/earthquakes/feed/v1.0/detail/ok2026qpbo.geojson,,,,,reviewed,0,85,ok,2026qpbo,",us6000tn99,ok2026qpbo,",",us,ok,",",origin,phase-data,",88,0.0,0.19,80,ml,earthquake,"M 2.4 - 3 km ENE of Medford, Oklahoma",Point,-97.69616667,36.8225,6.95,USGS,2026-08-25 17:29:58.460833
138,Feature,ci41535616,1.78,"9 km ENE of Coso Junction, CA",1787610175190,1787610388404,,https://earthquake.usgs.gov/earthquakes/eventpage/ci41535616,https://earthquake.usgs.gov/earthquakes/feed/v1.0/detail/ci41535616.geojson,,,,,automatic,0,49,ci,41535616,",ci41535616,",",ci,",",nearby-cities,origin,phase-data,scitech-link,",30,0.04954,0.16,51,ml,earthquake,"M 1.8 - 9 km ENE of Coso Junction, CA",Point,-117.847166666667,36.0683333333333,2.17,USGS,2026-08-25 17:29:58.460833
139,Feature,ci41535608,1.21,"9 km E of Coso Junction, CA",1787610004690,1787610205828,,https://earthquake.usgs.gov/earthquakes/eventpage/ci41535608,https://earthquake.usgs.gov/earthquakes/feed/v1.0/detail/ci41535608.geojson,,,,,automatic,0,23,ci,41535608,",ci41535608,",",ci,",",nearby-cities,origin,phase-data,",20,0.05721,0.13,68,ml,earthquake,"M 1.2 - 9 km E of Coso Junction, CA",Point,-117.844833333333,36.0608333333333,2.6,USGS,2026-08-25 17:29:58.460833
140,Feature,ci41535600,1.0,"17 km W of Searles Valley, CA",1787609823150,1787610039448,,https://earthquake.usgs.gov/earthquakes/eventpage/ci41535600,https://earthquake.usgs.gov/earthquakes/feed/v1.0/detail/ci41535600.geojson,,,,,automatic,0,15,ci,41535600,",ci41535600,",",ci,",",nearby-cities,origin,phase-data,",19,0.04374,0.16,93,ml,earthquake,"M 1.0 - 17 km W of Searles Valley, CA",Point,-117.594,35.772,7.01,USGS,2026-08-25 17:29:58.460833
141,Feature,ci41535592,1.08,"9 km E of Coso Junction, CA",1787609798210,1787610035498,,https://earthquake.usgs.gov/earthquakes/eventpage/ci41535592,https://earthquake.usgs.gov/earthquakes/feed/v1.0/detail/ci41535592.geojson,,,,,automatic,0,18,ci,41535592,",ci41535592,",",ci,",",nearby-cities,origin,phase-data,",19,0.05752,0.13,52,ml,earthquake,"M 1.1 - 9 km E of Coso Junction, CA",Point,-117.845,36.0605,2.66,USGS,2026-08-25 17:29:58.460833
142,Feature,ci41535584,0.81,"17 km ESE of Little Lake, CA",1787609537680,1787609746426,,https://earthquake.usgs.gov/earthquakes/eventpage/ci41535584,https://earthquake.usgs.gov/earthquakes/feed/v1.0/detail/ci41535584.geojson,,,,,automatic,0,10,ci,41535584,",ci41535584,",",ci,",",nearby-cities,origin,phase-data,",15,0.08006,0.11,48,ml,earthquake,"M 0.8 - 17 km ESE of Little Lake, CA",Point,-117.731333333333,35.884,9.62,USGS,2026-08-25 17:29:58.460833
143,Feature,nn00923832,1.9,"60 km S of Kingston, Nevada",1787608142232,1787608567194,,https://earthquake.usgs.gov/earthquakes/eventpage/nn00923832,https://earthquake.usgs.gov/earthquakes/feed/v1.0/detail/nn00923832.geojson,,,,,reviewed,0,56,nn,00923832,",nn00923832,",",nn,",",origin,phase-data,",8,0.581,0.2739,228,ml,explosion,"M 1.9 Explosion - 60 km S of Kingston, Nevada",Point,-117.0463,38.6684,7.3141,USGS,2026-08-25 17:29:58.460833
144,Feature,aka2026qtsqzc,2.2,"43 km SW of Karluk, Alaska",1787607894606,1787607970775,,https://earthquake.usgs.gov/earthquakes/eventpage/aka2026qtsqzc,https://earthquake.usgs.gov/earthquakes/feed/v1.0/detail/aka2026qtsqzc.geojson,,,,,automatic,0,74,ak,a2026qtsqzc,",aka2026qtsqzc,",",ak,",",origin,phase-data,",20,0.4,0.4,145,ml,earthquake,"M 2.2 - 43 km SW of Karluk, Alaska",Point,-154.96,57.29,49.8,USGS,2026-08-25 17:29:58.460833
145,Feature,nc75424427,1.04,"10 km WNW of The Geysers, CA",1787607859300,1787610441014,,https://earthquake.usgs.gov/earthquakes/eventpage/nc75424427,https://earthquake.usgs.gov/earthquakes/feed/v1.0/detail/nc75424427.geojson,,,,,automatic,0,17,nc,75424427,",nc75424427,",",nc,",",nearby-cities,origin,phase-data,scitech-link,",14,0.002085,0.03,114,md,earthquake,"M 1.0 - 10 km WNW of The Geysers, CA",Point,-122.856330871582,38.8255004882812,2.35999989509583,USGS,2026-08-25 17:29:58.460833
146,Feature,nc75424412,0.94,"8 km ESE of Cloverdale, CA",1787606824520,1787608343768,,https://earthquake.usgs.gov/earthquakes/eventpage/nc75424412,https://earthquake.usgs.gov/earthquakes/feed/v1.0/detail/nc75424412.geojson,,,,,automatic,0,14,nc,75424412,",nc75424412,",",nc,",",nearby-cities,origin,phase-data,scitech-link,",8,0.05634,0.03,161,md,earthquake,"M 0.9 - 8 km ESE of Cloverdale, CA",Point,-122.942832946777,38.7676658630371,4.05000019073486,USGS,2026-08-25 17:29:58.460833
147,Feature,uu80150236,0.98,"16 km NE of Milford, Utah",1787606813920,1787611015310,,https://earthquake.usgs.gov/earthquakes/eventpage/uu80150236,https://earthquake.usgs.gov/earthquakes/feed/v1.0/detail/uu80150236.geojson,,,,,reviewed,0,15,uu,80150236,",uu80150236,",",uu,",",origin,phase-data,",17,0.004899,0.07,50,ml,earthquake,"M 1.0 - 16 km NE of Milford, Utah",Point,-112.886666666667,38.512,2.71,USGS,2026-08-25 17:29:58.460833
148,Feature,aka2026qtsbgf,1.2,"101 km S of McCarthy, Alaska",1787606808244,1787606872097,,https://earthquake.usgs.gov/earthquakes/eventpage/aka2026qtsbgf,https://earthquake.usgs.gov/earthquakes/feed/v1.0/detail/aka2026qtsbgf.geojson,,,,,automatic,0,22,ak,a2026qtsbgf,",aka2026qtsbgf,",",ak,",",origin,phase-data,",10,0.1,0.5,134,ml,earthquake,"M 1.2 - 101 km S of McCarthy, Alaska",Point,-142.648,60.528,24.3,USGS,2026-08-25 17:29:58.460833
149,Feature,ci41535560,0.5,"23 km N of Ridgecrest, CA",1787606366550,1787606572044,,https://earthquake.usgs.gov/earthquakes/eventpage/ci41535560,https://earthquake.usgs.gov/earthquakes/feed/v1.0/detail/ci41535560.geojson,,,,,automatic,0,4,ci,41535560,",ci41535560,",",ci,",",nearby-cities,origin,phase-data,",15,0.0629,0.11,77,ml,earthquake,"M 0.5 - 23 km N of Ridgecrest, CA",Point,-117.673666666667,35.827,7.46,USGS,2026-08-25 17:29:58.460833
150,Feature,nn00923826,1.5,"31 km ESE of Alamo, Nevada",1787605919436,1787623506542,,https://earthquake.usgs.gov/earthquakes/eventpage/nn00923826,https://earthquake.usgs.gov/earthquakes/feed/v1.0/detail/nn00923826.geojson,,,,,reviewed,0,35,nn,00923826,",nn00923826,",",nn,",",origin,phase-data,",9,0.215,0.1566,135,ml,earthquake,"M 1.5 - 31 km ESE of Alamo, Nevada",Point,-114.8229,37.292,6.1647,USGS,2026-08-25 17:29:58.460833
151,Feature,ci41535544,0.87,"10 km E of Coso Junction, CA",1787605438890,1787605648869,,https://earthquake.usgs.gov/earthquakes/eventpage/ci41535544,https://earthquake.usgs.gov/earthquakes/feed/v1.0/detail/ci41535544.geojson,,,,,automatic,0,12,ci,41535544,",ci41535544,",",ci,",",nearby-cities,origin,phase-data,",19,0.05988,0.13,86,ml,earthquake,"M 0.9 - 10 km E of Coso Junction, CA",Point,-117.843166666667,36.0583333333333,2.6,USGS,2026-08-25 17:29:58.460833
152,Feature,us6000tn8w,4.6,"236 km ESE of Kimbe, Papua New Guinea",1787605334533,1787632243040,,https://earthquake.usgs.gov/earthquakes/eventpage/us6000tn8w,https://earthquake.usgs.gov/earthquakes/feed/v1.0/detail/us6000tn8w.geojson,,,,,reviewed,0,326,us,6000tn8w,",us6000tn8w,",",us,",",origin,phase-data,",23,2.291,0.52,110,mb,earthquake,"M 4.6 - 236 km ESE of Kimbe, Papua New Guinea",Point,152.0529,-6.4947,10.0,USGS,2026-08-25 17:29:58.460833
153,Feature,tx2026qqyzir,2.1,"8 km SSW of Pyote, Texas",1787604414413,1787604666622,,https://earthquake.usgs.gov/earthquakes/eventpage/tx2026qqyzir,https://earthquake.usgs.gov/earthquakes/feed/v1.0/detail/tx2026qqyzir.geojson,,,,,automatic,0,68,tx,2026qqyzir,",tx2026qqyzir,",",tx,",",origin,phase-data,",10,0.2,0.7,177,ml,earthquake,"M 2.1 - 8 km SSW of Pyote, Texas",Point,-103.171,31.47,18.1121,USGS,2026-08-25 17:29:58.462673
154,Feature,aka2026qtqmhc,1.6,"54 km WNW of Skwentna, Alaska",1787603969892,1787604034511,,https://earthquake.usgs.gov/earthquakes/eventpage/aka2026qtqmhc,https://earthquake.usgs.gov/earthquakes/feed/v1.0/detail/aka2026qtqmhc.geojson,,,,,automatic,0,39,ak,a2026qtqmhc,",aka2026qtqmhc,",",ak,",",origin,phase-data,",21,0.4,0.6,96,ml,earthquake,"M 1.6 - 54 km WNW of Skwentna, Alaska",Point,-152.302,62.238,1.1,USGS,2026-08-25 17:29:58.462673
155,Feature,ok2026qoxw,1.47,"7 km S of Owasso, Oklahoma",1787603537280,1787604533598,,https://earthquake.usgs.gov/earthquakes/eventpage/ok2026qoxw,https://earthquake.usgs.gov/earthquakes/feed/v1.0/detail/ok2026qoxw.geojson,,,,,reviewed,0,33,ok,2026qoxw,",ok2026qoxw,",",ok,",",origin,phase-data,",79,0.2924426128,0.39,119,ml,quarry blast,"M 1.5 Quarry Blast - 7 km S of Owasso, Oklahoma",Point,-95.856,36.19866667,0.0,USGS,2026-08-25 17:29:58.462673
156,Feature,ci41535528,1.02,"7 km ENE of San Diego, CA",1787602693130,1787602901716,,https://earthquake.usgs.gov/earthquakes/eventpage/ci41535528,https://earthquake.usgs.gov/earthquakes/feed/v1.0/detail/ci41535528.geojson,,,,,automatic,0,16,ci,41535528,",ci41535528,",",ci,",",nearby-cities,origin,phase-data,",28,0.05485,0.19,100,ml,earthquake,"M 1.0 - 7 km ENE of San Diego, CA",Point,-117.082833333333,32.8131666666667,5.41,USGS,2026-08-25 17:29:58.462673
157,Feature,ci41535520,1.56,"9 km ENE of Coso Junction, CA",1787602631350,1787605324039,,https://earthquake.usgs.gov/earthquakes/eventpage/ci41535520,https://earthquake.usgs.gov/earthquakes/feed/v1.0/detail/ci41535520.geojson,,,,,reviewed,0,37,ci,41535520,",ci41535520,",",ci,",",nearby-cities,origin,phase-data,scitech-link,",31,0.05532,0.15,50,ml,earthquake,"M 1.6 - 9 km ENE of Coso Junction, CA",Point,-117.8455,36.0626666666667,2.56,USGS,2026-08-25 17:29:58.462673
158,Feature,tx2026qqxxvb,1.1,"24 km SW of Ackerly, Texas",1787602499243,1787613510899,,https://earthquake.usgs.gov/earthquakes/eventpage/tx2026qqxxvb,https://earthquake.usgs.gov/earthquakes/feed/v1.0/detail/tx2026qqxxvb.geojson,,,,,automatic,0,19,tx,2026qqxxvb,",tx2026qqxxvb,",",tx,",",origin,phase-data,",45,0.0,0.3,30,ml,earthquake,"M 1.1 - 24 km SW of Ackerly, Texas",Point,-101.897,32.363,4.1997,USGS,2026-08-25 17:29:58.462673
159,Feature,aka2026qtpptp,3.9,"58 km SSE of Kokhanok, Alaska",1787602415518,1787610164271,,https://earthquake.usgs.gov/earthquakes/eventpage/aka2026qtpptp,https://earthquake.usgs.gov/earthquakes/feed/v1.0/detail/aka2026qtpptp.geojson,,,1.973,,reviewed,0,234,ak,a2026qtpptp,",aka2026qtpptp,",",ak,",",origin,phase-data,shakemap,",269,0.3,1.1,33,ml,earthquake,"M 3.9 - 58 km SSE of Kokhanok, Alaska",Point,-154.314,58.966,125.5,USGS,2026-08-25 17:29:58.462673
160,Feature,tx2026qqxill,1.7,"60 km S of Whites City, New Mexico",1787601430438,1787601975398,,https://earthquake.usgs.gov/earthquakes/eventpage/tx2026qqxill,https://earthquake.usgs.gov/earthquakes/feed/v1.0/detail/tx2026qqxill.geojson,,,,,automatic,0,44,tx,2026qqxill,",tx2026qqxill,",",tx,",",origin,phase-data,",22,0.0,0.2,73,ml,earthquake,"M 1.7 - 60 km S of Whites City, New Mexico",Point,-104.406,31.633,3.9785,USGS,2026-08-25 17:29:58.462673
161,Feature,ci41535496,0.87,"7 km ESE of Yucaipa, CA",1787600486650,1787605541836,,https://earthquake.usgs.gov/earthquakes/eventpage/ci41535496,https://earthquake.usgs.gov/earthquakes/feed/v1.0/detail/ci41535496.geojson,,,,,reviewed,0,12,ci,41535496,",ci41535496,",",ci,",",nearby-cities,origin,phase-data,",24,0.09856,0.1,55,ml,earthquake,"M 0.9 - 7 km ESE of Yucaipa, CA",Point,-116.9785,34.0013333333333,11.07,USGS,2026-08-25 17:29:58.462673
162,Feature,ci41535488,0.65,"10 km E of Coso Junction, CA",1787600458480,1787605350299,,https://earthquake.usgs.gov/earthquakes/eventpage/ci41535488,https://earthquake.usgs.gov/earthquakes/feed/v1.0/detail/ci41535488.geojson,,,,,reviewed,0,6,ci,41535488,",ci41535488,",",ci,",",nearby-cities,origin,phase-data,",14,0.05657,0.08,67,ml,earthquake,"M 0.7 - 10 km E of Coso Junction, CA",Point,-117.843333333333,36.0616666666667,2.73,USGS,2026-08-25 17:29:58.462673
163,Feature,nc75424352,1.07,"3 km WNW of Anderson Springs, CA",1787600361460,1787603543229,,https://earthquake.usgs.gov/earthquakes/eventpage/nc75424352,https://earthquake.usgs.gov/earthquakes/feed/v1.0/detail/nc75424352.geojson,,,,,automatic,0,18,nc,75424352,",nc75424352,",",nc,",",nearby-cities,origin,phase-data,scitech-link,",12,0.01156,0.02,87,md,earthquake,"M 1.1 - 3 km WNW of Anderson Springs, CA",Point,-122.72216796875,38.7811660766602,1.82000005245209,USGS,2026-08-25 17:29:58.462673
164,Feature,ci41535480,1.25,"17 km WSW of Johannesburg, CA",1787600111720,1787605376610,,https://earthquake.usgs.gov/earthquakes/eventpage/ci41535480,https://earthquake.usgs.gov/earthquakes/feed/v1.0/detail/ci41535480.geojson,,,,,reviewed,0,24,ci,41535480,",ci41535480,",",ci,",",focal-mechanism,nearby-cities,origin,phase-data,scitech-link,",36,0.05352,0.16,56,ml,earthquake,"M 1.3 - 17 km WSW of Johannesburg, CA",Point,-117.808833333333,35.3116666666667,7.73,USGS,2026-08-25 17:29:58.462673
165,Feature,av93066204,0.17,"97 km WNW of Aleneva, Alaska",1787599494790,1787632217440,,https://earthquake.usgs.gov/earthquakes/eventpage/av93066204,https://earthquake.usgs.gov/earthquakes/feed/v1.0/detail/av93066204.geojson,,,,,reviewed,0,0,av,93066204,",av93066204,",",av,",",origin,phase-data,",7,0.07176,0.28,233,ml,earthquake,"M 0.2 - 97 km WNW of Aleneva, Alaska",Point,-154.320166666667,58.5265,5.13,USGS,2026-08-25 17:29:58.462673
166,Feature,ci41535472,0.67,"10 km ENE of Coso Junction, CA",1787598494240,1787605371054,,https://earthquake.usgs.gov/earthquakes/eventpage/ci41535472,https://earthquake.usgs.gov/earthquakes/feed/v1.0/detail/ci41535472.geojson,,,,,reviewed,0,7,ci,41535472,",ci41535472,",",ci,",",nearby-cities,origin,phase-data,",13,0.05477,0.1,88,ml,earthquake,"M 0.7 - 10 km ENE of Coso Junction, CA",Point,-117.839333333333,36.0641666666667,2.95,USGS,2026-08-25 17:29:58.462673
167,Feature,tx2026qqvniu,1.7,"33 km SSE of Lindsay, Texas",1787598149650,1787601611186,,https://earthquake.usgs.gov/earthquakes/eventpage/tx2026qqvniu,https://earthquake.usgs.gov/earthquakes/feed/v1.0/detail/tx2026qqvniu.geojson,,,,,automatic,0,44,tx,2026qqvniu,",tx2026qqvniu,",",tx,",",origin,phase-data,",6,0.3,0.9,178,ml,earthquake,"M 1.7 - 33 km SSE of Lindsay, Texas",Point,-103.385,31.093,3.1802,USGS,2026-08-25 17:29:58.462673
168,Feature,us6000tn80,5.0,"209 km NNE of Lospalos, Timor Leste",1787598003416,1787602671040,,https://earthquake.usgs.gov/earthquakes/eventpage/us6000tn80,https://earthquake.usgs.gov/earthquakes/feed/v1.0/detail/us6000tn80.geojson,,,,,reviewed,0,385,us,6000tn80,",us6000tn80,",",us,",",origin,phase-data,",56,3.218,0.97,47,mb,earthquake,"M 5.0 - 209 km NNE of Lospalos, Timor Leste",Point,127.5019,-6.6912,9.947,USGS,2026-08-25 17:29:58.462673
169,Feature,nc75424337,0.83,"6 km WNW of Cobb, CA",1787597674310,1787600540881,,https://earthquake.usgs.gov/earthquakes/eventpage/nc75424337,https://earthquake.usgs.gov/earthquakes/feed/v1.0/detail/nc75424337.geojson,,,,,automatic,0,11,nc,75424337,",nc75424337,",",nc,",",nearby-cities,origin,phase-data,scitech-link,",10,0.002407,0.01,104,md,earthquake,"M 0.8 - 6 km WNW of Cobb, CA",Point,-122.790336608887,38.8359985351562,2.0,USGS,2026-08-25 17:29:58.462673
170,Feature,aka2026qtmxia,2.1,"83 km ESE of Ugashik, Alaska",1787597537052,1787597630866,,https://earthquake.usgs.gov/earthquakes/eventpage/aka2026qtmxia,https://earthquake.usgs.gov/earthquakes/feed/v1.0/detail/aka2026qtmxia.geojson,,,,,automatic,0,68,ak,a2026qtmxia,",aka2026qtmxia,",",ak,",",origin,phase-data,",32,0.4,0.5,117,ml,earthquake,"M 2.1 - 83 km ESE of Ugashik, Alaska",Point,-156.124,57.215,76.2,USGS,2026-08-25 17:29:58.462673
171,Feature,hv75023262,1.82,"15 km WNW of Kailua-Kona, Hawaii",1787597407500,1787597621590,,https://earthquake.usgs.gov/earthquakes/eventpage/hv75023262,https://earthquake.usgs.gov/earthquakes/feed/v1.0/detail/hv75023262.geojson,,,,,automatic,0,51,hv,75023262,",hv75023262,",",hv,",",origin,phase-data,",12,0.4899,0.219999999,314,md,earthquake,"M 1.8 - 15 km WNW of Kailua-Kona, Hawaii",Point,-156.133499145508,19.7066669464111,9.42000007629395,USGS,2026-08-25 17:29:58.462673
172,Feature,aka2026qtmvkv,2.1,"41 km W of Cohoe, Alaska",1787597405055,1787599849795,,https://earthquake.usgs.gov/earthquakes/eventpage/aka2026qtmvkv,https://earthquake.usgs.gov/earthquakes/feed/v1.0/detail/aka2026qtmvkv.geojson,1.0,1.0,,,automatic,0,68,ak,a2026qtmvkv,",aka2026qtmvkv,",",ak,",",dyfi,origin,phase-data,",36,0.2,0.3,58,ml,earthquake,"M 2.1 - 41 km W of Cohoe, Alaska",Point,-152.052,60.414,90.5,USGS,2026-08-25 17:29:58.462673
173,Feature,ci41535440,2.03,"9 km E of Coso Junction, CA",1787597277820,1787605387393,,https://earthquake.usgs.gov/earthquakes/eventpage/ci41535440,https://earthquake.usgs.gov/earthquakes/feed/v1.0/detail/ci41535440.geojson,,,,,reviewed,0,63,ci,41535440,",ci41535440,",",ci,",",nearby-cities,origin,phase-data,scitech-link,",30,0.05725,0.14,42,ml,earthquake,"M 2.0 - 9 km E of Coso Junction, CA",Point,-117.846,36.0606666666667,2.6,USGS,2026-08-25 17:29:58.462673
174,Feature,ci41535432,0.7,"10 km SW of Anza, CA",1787597244370,1787605387294,,https://earthquake.usgs.gov/earthquakes/eventpage/ci41535432,https://earthquake.usgs.gov/earthquakes/feed/v1.0/detail/ci41535432.geojson,,,,,reviewed,0,8,ci,41535432,",ci41535432,",",ci,",",nearby-cities,origin,phase-data,",34,0.0624,0.15,34,ml,earthquake,"M 0.7 - 10 km SW of Anza, CA",Point,-116.739,33.4801666666667,14.46,USGS,2026-08-25 17:29:58.462673
175,Feature,nc75424302,0.25,"7 km W of Cobb, CA",1787595455260,1787595552591,,https://earthquake.usgs.gov/earthquakes/eventpage/nc75424302,https://earthquake.usgs.gov/earthquakes/feed/v1.0/detail/nc75424302.geojson,,,,,automatic,0,1,nc,75424302,",nc75424302,",",nc,",",nearby-cities,origin,phase-data,",8,0.009841,0.01,83,md,earthquake,"M 0.3 - 7 km W of Cobb, CA",Point,-122.799331665039,38.8315010070801,1.99000000953674,USGS,2026-08-25 17:29:58.462673
176,Feature,nc75424297,2.34,"18 km SW of Toms Place, CA",1787595198110,1787608044742,,https://earthquake.usgs.gov/earthquakes/eventpage/nc75424297,https://earthquake.usgs.gov/earthquakes/feed/v1.0/detail/nc75424297.geojson,,,,,automatic,0,84,nc,75424297,",nc75424297,",",nc,",",nearby-cities,origin,phase-data,scitech-link,",15,0.1322,0.05,98,md,earthquake,"M 2.3 - 18 km SW of Toms Place, CA",Point,-118.834999084473,37.4576683044434,1.9099999666214,USGS,2026-08-25 17:29:58.462673
177,Feature,av94401523,-0.07,"81 km NNW of Karluk, Alaska",1787594873090,1787631556800,,https://earthquake.usgs.gov/earthquakes/eventpage/av94401523,https://earthquake.usgs.gov/earthquakes/feed/v1.0/detail/av94401523.geojson,,,,,reviewed,0,0,av,94401523,",av94401523,",",av,",",origin,phase-data,",9,0.1009,0.15,185,ml,earthquake,"M -0.1 - 81 km NNW of Karluk, Alaska",Point,-154.779666666667,58.283,4.64,USGS,2026-08-25 17:29:58.462673
178,Feature,ci41535416,0.54,"18 km E of Julian, CA",1787594245930,1787605415611,,https://earthquake.usgs.gov/earthquakes/eventpage/ci41535416,https://earthquake.usgs.gov/earthquakes/feed/v1.0/detail/ci41535416.geojson,,,,,reviewed,0,4,ci,41535416,",ci41535416,",",ci,",",nearby-cities,origin,phase-data,",24,0.02938,0.17,91,ml,earthquake,"M 0.5 - 18 km E of Julian, CA",Point,-116.407833333333,33.0626666666667,5.04,USGS,2026-08-25 17:29:58.462673
179,Feature,av94401508,-0.41,"76 km NW of Ninilchik, Alaska",1787594056080,1787630026400,,https://earthquake.usgs.gov/earthquakes/eventpage/av94401508,https://earthquake.usgs.gov/earthquakes/feed/v1.0/detail/av94401508.geojson,,,,,reviewed,0,0,av,94401508,",av94401508,",",av,",",origin,phase-data,",6,0.02043,0.26,163,ml,earthquake,"M -0.4 - 76 km NW of Ninilchik, Alaska",Point,-152.703,60.5086666666667,5.99,USGS,2026-08-25 17:29:58.462673
180,Feature,nc75424287,0.69,"8 km WNW of Cobb, CA",1787592562250,1787592657325,,https://earthquake.usgs.gov/earthquakes/eventpage/nc75424287,https://earthquake.usgs.gov/earthquakes/feed/v1.0/detail/nc75424287.geojson,,,,,automatic,0,7,nc,75424287,",nc75424287,",",nc,",",nearby-cities,origin,phase-data,",9,0.01353,0.0,69,md,earthquake,"M 0.7 - 8 km WNW of Cobb, CA",Point,-122.807662963867,38.8380012512207,2.33999991416931,USGS,2026-08-25 17:29:58.462673
181,Feature,ci41535392,0.93,"11 km ENE of Ocotillo Wells, CA",1787592543440,1787592756050,,https://earthquake.usgs.gov/earthquakes/eventpage/ci41535392,https://earthquake.usgs.gov/earthquakes/feed/v1.0/detail/ci41535392.geojson,,,,,automatic,0,13,ci,41535392,",ci41535392,",",ci,",",nearby-cities,origin,phase-data,",36,0.03998,0.16,52,ml,earthquake,"M 0.9 - 11 km ENE of Ocotillo Wells, CA",Point,-116.022833333333,33.1865,8.68,USGS,2026-08-25 17:29:58.462673
182,Feature,ci41535376,0.9,"5 km SW of Inyokern, CA",1787592185100,1787592395729,,https://earthquake.usgs.gov/earthquakes/eventpage/ci41535376,https://earthquake.usgs.gov/earthquakes/feed/v1.0/detail/ci41535376.geojson,,,,,automatic,0,12,ci,41535376,",ci41535376,",",ci,",",nearby-cities,origin,phase-data,",18,0.1109,0.21,171,ml,earthquake,"M 0.9 - 5 km SW of Inyokern, CA",Point,-117.848666666667,35.6153333333333,10.62,USGS,2026-08-25 17:29:58.462673
183,Feature,pr71529668,2.92,"56 km NW of San Antonio, Puerto Rico",1787591799470,1787592920710,,https://earthquake.usgs.gov/earthquakes/eventpage/pr71529668,https://earthquake.usgs.gov/earthquakes/feed/v1.0/detail/pr71529668.geojson,,,,,reviewed,0,131,pr,71529668,",pr71529668,",",pr,",",origin,phase-data,",15,0.4058,0.33,180,md,earthquake,"M 2.9 - 56 km NW of San Antonio, Puerto Rico",Point,-67.5286666666667,18.7896666666667,8.85,USGS,2026-08-25 17:29:58.462673
184,Feature,nc75424272,0.71,"4 km W of Cobb, CA",1787591345300,1787595445299,,https://earthquake.usgs.gov/earthquakes/eventpage/nc75424272,https://earthquake.usgs.gov/earthquakes/feed/v1.0/detail/nc75424272.geojson,,,,,automatic,0,8,nc,75424272,",nc75424272,",",nc,",",nearby-cities,origin,phase-data,scitech-link,",7,0.00549,0.05,157,md,earthquake,"M 0.7 - 4 km W of Cobb, CA",Point,-122.763999938965,38.8274993896484,1.33000004291534,USGS,2026-08-25 17:29:58.462673
185,Feature,av94401473,0.34,"147 km W of Adak, Alaska",1787590371620,1787629604890,,https://earthquake.usgs.gov/earthquakes/eventpage/av94401473,https://earthquake.usgs.gov/earthquakes/feed/v1.0/detail/av94401473.geojson,,,,,reviewed,0,2,av,94401473,",av94401473,",",av,",",origin,phase-data,",5,0.01417,0.02,282,ml,earthquake,"M 0.3 - 147 km W of Adak, Alaska",Point,-178.772,51.8313333333333,7.04,USGS,2026-08-25 17:29:58.462673
186,Feature,nc75424262,1.34,"17 km SW of Toms Place, CA",1787590227240,1787602646132,,https://earthquake.usgs.gov/earthquakes/eventpage/nc75424262,https://earthquake.usgs.gov/earthquakes/feed/v1.0/detail/nc75424262.geojson,,,,,automatic,0,28,nc,75424262,",nc75424262,",",nc,",",nearby-cities,origin,phase-data,scitech-link,",12,0.1292,0.03,218,md,earthquake,"M 1.3 - 17 km SW of Toms Place, CA",Point,-118.824996948242,37.4606666564941,3.10999989509583,USGS,2026-08-25 17:29:58.462673
187,Feature,uu80150211,0.28,"16 km NE of Milford, Utah",1787589427380,1787603452660,,https://earthquake.usgs.gov/earthquakes/eventpage/uu80150211,https://earthquake.usgs.gov/earthquakes/feed/v1.0/detail/uu80150211.geojson,,,,,reviewed,0,1,uu,80150211,",uu80150211,",",uu,",",origin,phase-data,",10,0.005563,0.05,108,md,earthquake,"M 0.3 - 16 km NE of Milford, Utah",Point,-112.889,38.5068333333333,2.42,USGS,2026-08-25 17:29:58.462673
188,Feature,aka2026qtideq,1.7,"54 km NE of Chenega, Alaska",1787588947602,1787589048440,,https://earthquake.usgs.gov/earthquakes/eventpage/aka2026qtideq,https://earthquake.usgs.gov/earthquakes/feed/v1.0/detail/aka2026qtideq.geojson,,,,,automatic,0,44,ak,a2026qtideq,",aka2026qtideq,",",ak,",",origin,phase-data,",25,0.4,0.8,72,ml,earthquake,"M 1.7 - 54 km NE of Chenega, Alaska",Point,-147.399,60.445,16.8,USGS,2026-08-25 17:29:58.462673
189,Feature,aka2026qticev,0.8,"50 km WSW of Salcha, Alaska",1787588879134,1787588945732,,https://earthquake.usgs.gov/earthquakes/eventpage/aka2026qticev,https://earthquake.usgs.gov/earthquakes/feed/v1.0/detail/aka2026qticev.geojson,,,,,automatic,0,10,ak,a2026qticev,",aka2026qticev,",",ak,",",origin,phase-data,",9,0.1,0.6,176,ml,earthquake,"M 0.8 - 50 km WSW of Salcha, Alaska",Point,-147.883,64.354,5.0,USGS,2026-08-25 17:29:58.462673
190,Feature,us6000tn6z,4.7,"Pagan region, Northern Mariana Islands",1787588724020,1787592191040,,https://earthquake.usgs.gov/earthquakes/eventpage/us6000tn6z,https://earthquake.usgs.gov/earthquakes/feed/v1.0/detail/us6000tn6z.geojson,,,,,reviewed,0,340,us,6000tn6z,",us6000tn6z,",",us,",",origin,phase-data,",58,3.393,0.93,98,mb,earthquake,"M 4.7 - Pagan region, Northern Mariana Islands",Point,145.6671,18.6438,205.654,USGS,2026-08-25 17:29:58.462673
191,Feature,ci41535336,1.08,"17 km WSW of Johannesburg, CA",1787588327740,1787605446383,,https://earthquake.usgs.gov/earthquakes/eventpage/ci41535336,https://earthquake.usgs.gov/earthquakes/feed/v1.0/detail/ci41535336.geojson,,,,,reviewed,0,18,ci,41535336,",ci41535336,",",ci,",",nearby-cities,origin,phase-data,scitech-link,",26,0.05635,0.17,69,ml,earthquake,"M 1.1 - 17 km WSW of Johannesburg, CA",Point,-117.8015,35.3106666666667,7.28,USGS,2026-08-25 17:29:58.462673
192,Feature,uu80150201,1.0,"16 km NE of Milford, Utah",1787588048450,1787603103700,,https://earthquake.usgs.gov/earthquakes/eventpage/uu80150201,https://earthquake.usgs.gov/earthquakes/feed/v1.0/detail/uu80150201.geojson,,,,,reviewed,0,15,uu,80150201,",uu80150201,",",uu,",",origin,phase-data,",13,0.007732,0.06,114,md,earthquake,"M 1.0 - 16 km NE of Milford, Utah",Point,-112.892833333333,38.5168333333333,2.3,USGS,2026-08-25 17:29:58.462673
193,Feature,pr71529648,2.25,"5 km E of La Parguera, Puerto Rico",1787587507310,1787588372220,,https://earthquake.usgs.gov/earthquakes/eventpage/pr71529648,https://earthquake.usgs.gov/earthquakes/feed/v1.0/detail/pr71529648.geojson,,,,,reviewed,0,78,pr,71529648,",pr71529648,",",pr,",",origin,phase-data,",8,0.05071,0.1,180,md,earthquake,"M 2.3 - 5 km E of La Parguera, Puerto Rico",Point,-66.991,17.9716666666667,7.93,USGS,2026-08-25 17:29:58.462673
194,Feature,ci41535304,2.12,"17 km WSW of Johannesburg, CA",1787587419190,1787602344071,,https://earthquake.usgs.gov/earthquakes/eventpage/ci41535304,https://earthquake.usgs.gov/earthquakes/feed/v1.0/detail/ci41535304.geojson,,,,,reviewed,0,69,ci,41535304,",ci41535304,",",ci,",",focal-mechanism,nearby-cities,origin,phase-data,scitech-link,",51,0.06218,0.19,33,ml,earthquake,"M 2.1 - 17 km WSW of Johannesburg, CA",Point,-117.805,35.32,6.64,USGS,2026-08-25 17:29:58.462673
195,Feature,ci41535312,1.44,"3 km SSW of California City, CA",1787587417130,1787587637367,,https://earthquake.usgs.gov/earthquakes/eventpage/ci41535312,https://earthquake.usgs.gov/earthquakes/feed/v1.0/detail/ci41535312.geojson,,,,,automatic,0,32,ci,41535312,",ci41535312,",",ci,",",nearby-cities,origin,phase-data,scitech-link,",20,0.2128,0.35,124,ml,earthquake,"M 1.4 - 3 km SSW of California City, CA",Point,-118.005666666667,35.0993333333333,-0.82,USGS,2026-08-25 17:29:58.462673
196,Feature,ci41535296,1.28,"10 km ENE of Coso Junction, CA",1787587129640,1787605463094,,https://earthquake.usgs.gov/earthquakes/eventpage/ci41535296,https://earthquake.usgs.gov/earthquakes/feed/v1.0/detail/ci41535296.geojson,,,,,reviewed,0,25,ci,41535296,",ci41535296,",",ci,",",nearby-cities,origin,phase-data,",26,0.04878,0.15,50,ml,earthquake,"M 1.3 - 10 km ENE of Coso Junction, CA",Point,-117.845166666667,36.0693333333333,1.97,USGS,2026-08-25 17:29:58.462673
197,Feature,us6000tn4t,2.6,"11 km ENE of Pleasant Hill, Louisiana",1787587104573,1787628778084,,https://earthquake.usgs.gov/earthquakes/eventpage/us6000tn4t,https://earthquake.usgs.gov/earthquakes/feed/v1.0/detail/us6000tn4t.geojson,9.0,3.8,,,reviewed,0,107,us,6000tn4t,",us6000tn4t,",",us,",",dyfi,origin,phase-data,",13,0.163,1.15,136,mb_lg,earthquake,"M 2.6 - 11 km ENE of Pleasant Hill, Louisiana",Point,-93.3902,31.8417,7.364,USGS,2026-08-25 17:29:58.462673
198,Feature,ci41535280,0.69,"5 km E of Lake Henshaw, CA",1787586697510,1787586905788,,https://earthquake.usgs.gov/earthquakes/eventpage/ci41535280,https://earthquake.usgs.gov/earthquakes/feed/v1.0/detail/ci41535280.geojson,,,,,automatic,0,7,ci,41535280,",ci41535280,",",ci,",",nearby-cities,origin,phase-data,",10,0.1702,0.24,90,ml,earthquake,"M 0.7 - 5 km E of Lake Henshaw, CA",Point,-116.709833333333,33.235,15.49,USGS,2026-08-25 17:29:58.462673
199,Feature,nc75424232,0.69,"7 km WNW of Cobb, CA",1787586637000,1787587942436,,https://earthquake.usgs.gov/earthquakes/eventpage/nc75424232,https://earthquake.usgs.gov/earthquakes/feed/v1.0/detail/nc75424232.geojson,,,,,automatic,0,7,nc,75424232,",nc75424232,",",nc,",",nearby-cities,origin,phase-data,scitech-link,",9,0.006673,0.01,80,md,earthquake,"M 0.7 - 7 km WNW of Cobb, CA",Point,-122.798835754395,38.8376655578613,2.11999988555908,USGS,2026-08-25 17:29:58.462673
200,Feature,ci10250486,0.26,"17 km E of Ridgecrest, CA",1787586518070,1787602885998,,https://earthquake.usgs.gov/earthquakes/eventpage/ci10250486,https://earthquake.usgs.gov/earthquakes/feed/v1.0/detail/ci10250486.geojson,,,,,reviewed,0,1,ci,10250486,",ci10250486,",",ci,",",nearby-cities,origin,phase-data,",5,0.07792,0.09,230,ml,earthquake,"M 0.3 - 17 km E of Ridgecrest, CA",Point,-117.487833333333,35.6071666666667,1.81,USGS,2026-08-25 17:29:58.462673
201,Feature,ci41535288,0.6,"10 km ENE of Coso Junction, CA",1787586513290,1787602963671,,https://earthquake.usgs.gov/earthquakes/eventpage/ci41535288,https://earthquake.usgs.gov/earthquakes/feed/v1.0/detail/ci41535288.geojson,,,,,reviewed,0,6,ci,41535288,",ci41535288,",",ci,",",nearby-cities,origin,phase-data,scitech-link,",10,0.05252,0.07,123,ml,earthquake,"M 0.6 - 10 km ENE of Coso Junction, CA",Point,-117.842,36.066,4.45,USGS,2026-08-25 17:29:58.462673
202,Feature,ci41535272,0.83,"10 km ENE of Coso Junction, CA",1787586305420,1787605494913,,https://earthquake.usgs.gov/earthquakes/eventpage/ci41535272,https://earthquake.usgs.gov/earthquakes/feed/v1.0/detail/ci41535272.geojson,,,,,reviewed,0,11,ci,41535272,",ci41535272,",",ci,",",nearby-cities,origin,phase-data,",16,0.05583,0.11,62,ml,earthquake,"M 0.8 - 10 km ENE of Coso Junction, CA",Point,-117.838,36.0633333333333,3.73,USGS,2026-08-25 17:29:58.462673
203,Feature,aka2026qtgozp,2.4,"8 km SSW of Skwentna, Alaska",1787586177031,1787590679040,,https://earthquake.usgs.gov/earthquakes/eventpage/aka2026qtgozp,https://earthquake.usgs.gov/earthquakes/feed/v1.0/detail/aka2026qtgozp.geojson,1.0,1.0,,,automatic,0,89,ak,a2026qtgozp,",aka2026qtgozp,us6000tn4r,",",ak,us,",",dyfi,origin,phase-data,",41,0.1,0.7,111,ml,earthquake,"M 2.4 - 8 km SSW of Skwentna, Alaska",Point,-151.484,61.926,85.1,USGS,2026-08-25 17:29:58.462673
204,Feature,us6000tn4p,4.9,"76 km SE of Taira, Japan",1787585252740,1787586380040,,https://earthquake.usgs.gov/earthquakes/eventpage/us6000tn4p,https://earthquake.usgs.gov/earthquakes/feed/v1.0/detail/us6000tn4p.geojson,,,,,reviewed,0,369,us,6000tn4p,",us6000tn4p,",",us,",",origin,phase-data,",48,2.334,1.22,75,mb,earthquake,"M 4.9 - 76 km SE of Taira, Japan",Point,128.6513,26.111,10.0,USGS,2026-08-25 17:29:58.462673
205,Feature,ci41535240,0.78,"10 km ENE of Coso Junction, CA",1787585000120,1787585807343,,https://earthquake.usgs.gov/earthquakes/eventpage/ci41535240,https://earthquake.usgs.gov/earthquakes/feed/v1.0/detail/ci41535240.geojson,,,,,reviewed,0,9,ci,41535240,",ci41535240,",",ci,",",nearby-cities,origin,phase-data,",14,0.04876,0.13,67,ml,earthquake,"M 0.8 - 10 km ENE of Coso Junction, CA",Point,-117.844166666667,36.0695,2.43,USGS,2026-08-25 17:29:58.462673
206,Feature,ci41535232,1.24,"10 km ENE of Coso Junction, CA",1787584952590,1787585811401,,https://earthquake.usgs.gov/earthquakes/eventpage/ci41535232,https://earthquake.usgs.gov/earthquakes/feed/v1.0/detail/ci41535232.geojson,,,,,reviewed,0,24,ci,41535232,",ci41535232,",",ci,",",nearby-cities,origin,phase-data,",25,0.04888,0.14,50,ml,earthquake,"M 1.2 - 10 km ENE of Coso Junction, CA",Point,-117.845666666667,36.0691666666667,2.35,USGS,2026-08-25 17:29:58.462673
207,Feature,ci41535224,1.8,"11 km WNW of Malibu, CA",1787584884690,1787585952327,,https://earthquake.usgs.gov/earthquakes/eventpage/ci41535224,https://earthquake.usgs.gov/earthquakes/feed/v1.0/detail/ci41535224.geojson,,,,,reviewed,0,50,ci,41535224,",ci41535224,",",ci,",",nearby-cities,origin,phase-data,scitech-link,",37,0.04473,0.2,118,ml,earthquake,"M 1.8 - 11 km WNW of Malibu, CA",Point,-118.912166666667,34.0601666666667,11.06,USGS,2026-08-25 17:29:58.462673
208,Feature,ci41535216,1.48,"10 km ENE of Coso Junction, CA",1787584858060,1787585915322,,https://earthquake.usgs.gov/earthquakes/eventpage/ci41535216,https://earthquake.usgs.gov/earthquakes/feed/v1.0/detail/ci41535216.geojson,,,,,reviewed,0,34,ci,41535216,",ci41535216,",",ci,",",nearby-cities,origin,phase-data,scitech-link,",25,0.04843,0.13,50,ml,earthquake,"M 1.5 - 10 km ENE of Coso Junction, CA",Point,-117.845333333333,36.0696666666667,2.19,USGS,2026-08-25 17:29:58.462673
209,Feature,ci41535208,0.39,"15 km N of Warner Springs, CA",1787584554120,1787585905541,,https://earthquake.usgs.gov/earthquakes/eventpage/ci41535208,https://earthquake.usgs.gov/earthquakes/feed/v1.0/detail/ci41535208.geojson,,,,,reviewed,0,2,ci,41535208,",ci41535208,",",ci,",",nearby-cities,origin,phase-data,",20,0.07418,0.1,87,ml,earthquake,"M 0.4 - 15 km N of Warner Springs, CA",Point,-116.6055,33.4161666666667,10.9,USGS,2026-08-25 17:29:58.462673
210,Feature,us6000tn4m,4.8,"91 km N of Ruteng, Indonesia",1787584334584,1787585509040,,https://earthquake.usgs.gov/earthquakes/eventpage/us6000tn4m,https://earthquake.usgs.gov/earthquakes/feed/v1.0/detail/us6000tn4m.geojson,,,,,reviewed,0,354,us,6000tn4m,",us6000tn4m,",",us,",",origin,phase-data,",27,2.838,0.53,118,mb,earthquake,"M 4.8 - 91 km N of Ruteng, Indonesia",Point,120.4543,-7.7836,10.0,USGS,2026-08-25 17:29:58.462673
211,Feature,uu80150191,1.78,"16 km NE of Milford, Utah",1787583871460,1787586856100,,https://earthquake.usgs.gov/earthquakes/eventpage/uu80150191,https://earthquake.usgs.gov/earthquakes/feed/v1.0/detail/uu80150191.geojson,,,,,reviewed,0,49,uu,80150191,",uu80150191,",",uu,",",origin,phase-data,",19,0.01451,0.1,88,ml,earthquake,"M 1.8 - 16 km NE of Milford, Utah",Point,-112.891166666667,38.5156666666667,1.62,USGS,2026-08-25 17:29:58.462673
212,Feature,ci41535176,1.43,"3 km SW of Brawley, CA",1787581911470,1787582116206,,https://earthquake.usgs.gov/earthquakes/eventpage/ci41535176,https://earthquake.usgs.gov/earthquakes/feed/v1.0/detail/ci41535176.geojson,,,,,automatic,0,31,ci,41535176,",ci41535176,",",ci,",",nearby-cities,origin,phase-data,scitech-link,",32,0.05992,0.23,75,ml,earthquake,"M 1.4 - 3 km SW of Brawley, CA",Point,-115.549666666667,32.9608333333333,9.19,USGS,2026-08-25 17:29:58.462673
213,Feature,aka2026qteeyt,1.6,"59 km SW of Cantwell, Alaska",1787581872910,1787581951053,,https://earthquake.usgs.gov/earthquakes/eventpage/aka2026qteeyt,https://earthquake.usgs.gov/earthquakes/feed/v1.0/detail/aka2026qteeyt.geojson,,,,,automatic,0,39,ak,a2026qteeyt,",aka2026qteeyt,",",ak,",",origin,phase-data,",28,0.6,0.9,55,ml,earthquake,"M 1.6 - 59 km SW of Cantwell, Alaska",Point,-149.669,62.964,0.5,USGS,2026-08-25 17:29:58.462673
214,Feature,nc75424202,0.83,"17 km NW of Parkfield, CA",1787581658020,1787583443953,,https://earthquake.usgs.gov/earthquakes/eventpage/nc75424202,https://earthquake.usgs.gov/earthquakes/feed/v1.0/detail/nc75424202.geojson,,,,,automatic,0,11,nc,75424202,",nc75424202,",",nc,",",nearby-cities,origin,phase-data,scitech-link,",13,0.02383,0.05,100,md,earthquake,"M 0.8 - 17 km NW of Parkfield, CA",Point,-120.565498352051,36.0050010681152,3.0,USGS,2026-08-25 17:29:58.462673
215,Feature,us6000tn41,6.0,"215 km NNE of Lospalos, Timor Leste",1787580617299,1787588399180,,https://earthquake.usgs.gov/earthquakes/eventpage/us6000tn41,https://earthquake.usgs.gov/earthquakes/feed/v1.0/detail/us6000tn41.geojson,,,3.984,green,reviewed,0,554,us,6000tn41,",us6000tn41,",",us,",",ground-failure,losspager,moment-tensor,origin,phase-data,shakemap,",111,3.208,0.78,24,mww,earthquake,"M 6.0 - 215 km NNE of Lospalos, Timor Leste",Point,127.4598,-6.6264,10.0,USGS,2026-08-25 17:29:58.462673
216,Feature,nc75424192,2.34,"18 km SW of Toms Place, CA",1787580550090,1787593643094,,https://earthquake.usgs.gov/earthquakes/eventpage/nc75424192,https://earthquake.usgs.gov/earthquakes/feed/v1.0/detail/nc75424192.geojson,,,,,automatic,0,84,nc,75424192,",nc75424192,nn00923813,",",nc,nn,",",focal-mechanism,nearby-cities,origin,phase-data,scitech-link,",25,0.1415,0.07,99,md,earthquake,"M 2.3 - 18 km SW of Toms Place, CA",Point,-118.833168029785,37.4483337402344,3.04999995231628,USGS,2026-08-25 17:29:58.462673
217,Feature,ci41535152,0.7,"10 km ENE of Coso Junction, CA",1787580477460,1787583187782,,https://earthquake.usgs.gov/earthquakes/eventpage/ci41535152,https://earthquake.usgs.gov/earthquakes/feed/v1.0/detail/ci41535152.geojson,,,,,reviewed,0,8,ci,41535152,",ci41535152,",",ci,",",nearby-cities,origin,phase-data,",18,0.05122,0.14,63,ml,earthquake,"M 0.7 - 10 km ENE of Coso Junction, CA",Point,-117.8385,36.068,2.57,USGS,2026-08-25 17:29:58.462673
218,Feature,aka2026qtdiuf,2.2,"50 km NW of Rampart, Alaska",1787580339078,1787580426235,,https://earthquake.usgs.gov/earthquakes/eventpage/aka2026qtdiuf,https://earthquake.usgs.gov/earthquakes/feed/v1.0/detail/aka2026qtdiuf.geojson,,,,,automatic,0,74,ak,a2026qtdiuf,",aka2026qtdiuf,",",ak,",",origin,phase-data,",21,0.2,0.5,46,ml,earthquake,"M 2.2 - 50 km NW of Rampart, Alaska",Point,-150.865,65.85,6.9,USGS,2026-08-25 17:29:58.462673
219,Feature,nc75424187,1.87,"17 km SW of Toms Place, CA",1787579299130,1787592741993,,https://earthquake.usgs.gov/earthquakes/eventpage/nc75424187,https://earthquake.usgs.gov/earthquakes/feed/v1.0/detail/nc75424187.geojson,,,,,automatic,0,54,nc,75424187,",nc75424187,",",nc,",",nearby-cities,origin,phase-data,scitech-link,",15,0.1285,0.04,218,md,earthquake,"M 1.9 - 17 km SW of Toms Place, CA",Point,-118.823669433594,37.4613342285156,2.75999999046326,USGS,2026-08-25 17:29:58.462673
220,Feature,nc75424177,0.68,"5 km NW of The Geysers, CA",1787578753620,1787580740654,,https://earthquake.usgs.gov/earthquakes/eventpage/nc75424177,https://earthquake.usgs.gov/earthquakes/feed/v1.0/detail/nc75424177.geojson,,,,,automatic,0,7,nc,75424177,",nc75424177,",",nc,",",nearby-cities,origin,phase-data,scitech-link,",6,0.003403,0.11,124,md,earthquake,"M 0.7 - 5 km NW of The Geysers, CA",Point,-122.795997619629,38.8113327026367,12.6800003051758,USGS,2026-08-25 17:29:58.462673
221,Feature,nc75424172,1.49,"17 km SW of Toms Place, CA",1787578432320,1787591243798,,https://earthquake.usgs.gov/earthquakes/eventpage/nc75424172,https://earthquake.usgs.gov/earthquakes/feed/v1.0/detail/nc75424172.geojson,,,,,automatic,0,34,nc,75424172,",nc75424172,",",nc,",",nearby-cities,origin,phase-data,scitech-link,",12,0.1299,0.04,234,md,earthquake,"M 1.5 - 17 km SW of Toms Place, CA",Point,-118.824165344238,37.4599990844727,2.97000002861023,USGS,2026-08-25 17:29:58.462673
222,Feature,nc75424167,1.84,"19 km SW of Toms Place, CA",1787577858580,1787589440593,,https://earthquake.usgs.gov/earthquakes/eventpage/nc75424167,https://earthquake.usgs.gov/earthquakes/feed/v1.0/detail/nc75424167.geojson,,,,,automatic,0,52,nc,75424167,",nc75424167,",",nc,",",nearby-cities,origin,phase-data,scitech-link,",16,0.1455,0.08,133,md,earthquake,"M 1.8 - 19 km SW of Toms Place, CA",Point,-118.835998535156,37.4443321228027,1.79999995231628,USGS,2026-08-25 17:29:58.462673
223,Feature,nc75424162,2.85,"19 km SW of Toms Place, CA",1787577790670,1787591628184,,https://earthquake.usgs.gov/earthquakes/eventpage/nc75424162,https://earthquake.usgs.gov/earthquakes/feed/v1.0/detail/nc75424162.geojson,,,,,automatic,0,125,nc,75424162,",nc75424162,nn00923809,",",nc,nn,",",focal-mechanism,nearby-cities,origin,phase-data,scitech-link,",28,0.1435,0.06,96,md,earthquake,"M 2.9 - 19 km SW of Toms Place, CA",Point,-118.833335876465,37.4463348388672,2.05999994277954,USGS,2026-08-25 17:29:58.462673
224,Feature,nc75424157,1.31,"6 km NW of The Geysers, CA",1787577269450,1787586741305,,https://earthquake.usgs.gov/earthquakes/eventpage/nc75424157,https://earthquake.usgs.gov/earthquakes/feed/v1.0/detail/nc75424157.geojson,,,,,automatic,0,26,nc,75424157,",nc75424157,",",nc,",",nearby-cities,origin,phase-data,scitech-link,",19,0.01051,0.02,51,md,earthquake,"M 1.3 - 6 km NW of The Geysers, CA",Point,-122.808502197266,38.810001373291,2.4300000667572,USGS,2026-08-25 17:29:58.462673
225,Feature,ci41535128,0.79,"10 km E of Coso Junction, CA",1787576792240,1787579869100,,https://earthquake.usgs.gov/earthquakes/eventpage/ci41535128,https://earthquake.usgs.gov/earthquakes/feed/v1.0/detail/ci41535128.geojson,,,,,reviewed,0,10,ci,41535128,",ci41535128,",",ci,",",nearby-cities,origin,phase-data,",20,0.06037,0.15,64,ml,earthquake,"M 0.8 - 10 km E of Coso Junction, CA",Point,-117.838833333333,36.0585,2.47,USGS,2026-08-25 17:29:58.462673
226,Feature,ci41535120,0.68,"10 km ENE of Coso Junction, CA",1787576273100,1787579915899,,https://earthquake.usgs.gov/earthquakes/eventpage/ci41535120,https://earthquake.usgs.gov/earthquakes/feed/v1.0/detail/ci41535120.geojson,,,,,reviewed,0,7,ci,41535120,",ci41535120,",",ci,",",nearby-cities,origin,phase-data,",16,0.04869,0.13,105,ml,earthquake,"M 0.7 - 10 km ENE of Coso Junction, CA",Point,-117.840666666667,36.0701666666667,2.14,USGS,2026-08-25 17:29:58.462673
227,Feature,ci41535104,1.04,"16 km SW of Little Lake, CA",1787575639930,1787575854529,,https://earthquake.usgs.gov/earthquakes/eventpage/ci41535104,https://earthquake.usgs.gov/earthquakes/feed/v1.0/detail/ci41535104.geojson,,,,,automatic,0,17,ci,41535104,",ci41535104,",",ci,",",nearby-cities,origin,phase-data,scitech-link,",9,0.2031,0.41,254,ml,earthquake,"M 1.0 - 16 km SW of Little Lake, CA",Point,-118.0215,35.8313333333333,26.76,USGS,2026-08-25 17:29:58.462673
228,Feature,uu80150161,1.46,"16 km NE of Milford, Utah",1787575499590,1787577704210,,https://earthquake.usgs.gov/earthquakes/eventpage/uu80150161,https://earthquake.usgs.gov/earthquakes/feed/v1.0/detail/uu80150161.geojson,,,,,reviewed,0,33,uu,80150161,",uu80150161,",",uu,",",origin,phase-data,",15,0.00325,0.09,65,ml,earthquake,"M 1.5 - 16 km NE of Milford, Utah",Point,-112.893833333333,38.5096666666667,2.07,USGS,2026-08-25 17:29:58.462673
229,Feature,us6000tn3t,5.0,southern Mid-Atlantic Ridge,1787574571627,1787575724040,,https://earthquake.usgs.gov/earthquakes/eventpage/us6000tn3t,https://earthquake.usgs.gov/earthquakes/feed/v1.0/detail/us6000tn3t.geojson,,,,,reviewed,0,385,us,6000tn3t,",us6000tn3t,",",us,",",origin,phase-data,",50,7.939,0.51,89,mb,earthquake,M 5.0 - southern Mid-Atlantic Ridge,Point,-13.8368,-17.7036,10.0,USGS,2026-08-25 17:29:58.462673
230,Feature,uu80150156,1.16,"17 km NE of Milford, Utah",1787574346250,1787579120730,,https://earthquake.usgs.gov/earthquakes/eventpage/uu80150156,https://earthquake.usgs.gov/earthquakes/feed/v1.0/detail/uu80150156.geojson,,,,,reviewed,0,21,uu,80150156,",uu80150156,",",uu,",",origin,phase-data,",8,0.01703,0.05,125,md,earthquake,"M 1.2 - 17 km NE of Milford, Utah",Point,-112.894166666667,38.527,3.25,USGS,2026-08-25 17:29:58.462673
231,Feature,tx2026qqiipo,1.3,"2 km SE of Gardendale, Texas",1787574288499,1787596918047,,https://earthquake.usgs.gov/earthquakes/eventpage/tx2026qqiipo,https://earthquake.usgs.gov/earthquakes/feed/v1.0/detail/tx2026qqiipo.geojson,,,,,reviewed,0,26,tx,2026qqiipo,",tx2026qqiipo,",",tx,",",origin,phase-data,",13,0.0,0.2,75,ml,earthquake,"M 1.3 - 2 km SE of Gardendale, Texas",Point,-102.363,32.005,4.9316,USGS,2026-08-25 17:29:58.462673
232,Feature,tx2026qqihck,1.5,"56 km SSE of Whites City, New Mexico",1787574183085,1787597435983,,https://earthquake.usgs.gov/earthquakes/eventpage/tx2026qqihck,https://earthquake.usgs.gov/earthquakes/feed/v1.0/detail/tx2026qqihck.geojson,,,,,reviewed,0,35,tx,2026qqihck,",tx2026qqihck,",",tx,",",origin,phase-data,",34,0.0,0.2,63,ml,earthquake,"M 1.5 - 56 km SSE of Whites City, New Mexico",Point,-104.231,31.681,7.1381,USGS,2026-08-25 17:29:58.462673
233,Feature,uu80150151,1.58,"16 km NE of Milford, Utah",1787574038330,1787579956540,,https://earthquake.usgs.gov/earthquakes/eventpage/uu80150151,https://earthquake.usgs.gov/earthquakes/feed/v1.0/detail/uu80150151.geojson,,,,,reviewed,0,38,uu,80150151,",uu80150151,",",uu,",",origin,phase-data,",19,0.008438,0.12,45,ml,earthquake,"M 1.6 - 16 km NE of Milford, Utah",Point,-112.8925,38.5175,1.74,USGS,2026-08-25 17:29:58.462673
234,Feature,uu80150146,1.27,"16 km NE of Milford, Utah",1787573736950,1787580218670,,https://earthquake.usgs.gov/earthquakes/eventpage/uu80150146,https://earthquake.usgs.gov/earthquakes/feed/v1.0/detail/uu80150146.geojson,,,,,reviewed,0,25,uu,80150146,",uu80150146,",",uu,",",origin,phase-data,",9,0.009449,0.08,90,md,earthquake,"M 1.3 - 16 km NE of Milford, Utah",Point,-112.89,38.5106666666667,1.96,USGS,2026-08-25 17:29:58.462673
235,Feature,ci41535088,2.06,"10 km ENE of Coso Junction, CA",1787573479470,1787592199661,,https://earthquake.usgs.gov/earthquakes/eventpage/ci41535088,https://earthquake.usgs.gov/earthquakes/feed/v1.0/detail/ci41535088.geojson,,,,,reviewed,0,65,ci,41535088,",ci41535088,nn00923807,",",ci,nn,",",nearby-cities,origin,phase-data,scitech-link,",30,0.04782,0.13,42,ml,earthquake,"M 2.1 - 10 km ENE of Coso Junction, CA",Point,-117.842833333333,36.0706666666667,2.49,USGS,2026-08-25 17:29:58.462673
236,Feature,nc75424127,1.68,"5 km NNW of The Geysers, CA",1787573381410,1787582542859,,https://earthquake.usgs.gov/earthquakes/eventpage/nc75424127,https://earthquake.usgs.gov/earthquakes/feed/v1.0/detail/nc75424127.geojson,,,,,automatic,0,43,nc,75424127,",nc75424127,",",nc,",",focal-mechanism,nearby-cities,origin,phase-data,scitech-link,",30,0.00775,0.03,86,md,earthquake,"M 1.7 - 5 km NNW of The Geysers, CA",Point,-122.78800201416,38.8185005187988,2.29999995231628,USGS,2026-08-25 17:29:58.462673
237,Feature,ci41535080,0.58,"11 km ENE of Coso Junction, CA",1787573379690,1787579952898,,https://earthquake.usgs.gov/earthquakes/eventpage/ci41535080,https://earthquake.usgs.gov/earthquakes/feed/v1.0/detail/ci41535080.geojson,,,,,reviewed,0,5,ci,41535080,",ci41535080,",",ci,",",nearby-cities,origin,phase-data,",17,0.04813,0.11,59,ml,earthquake,"M 0.6 - 11 km ENE of Coso Junction, CA",Point,-117.834833333333,36.0721666666667,2.75,USGS,2026-08-25 17:29:58.462673
238,Feature,ci41535072,0.64,"28 km NNW of Searles Valley, CA",1787573317740,1787579964946,,https://earthquake.usgs.gov/earthquakes/eventpage/ci41535072,https://earthquake.usgs.gov/earthquakes/feed/v1.0/detail/ci41535072.geojson,,,,,reviewed,0,6,ci,41535072,",ci41535072,",",ci,",",nearby-cities,origin,phase-data,",17,0.07987,0.17,69,ml,earthquake,"M 0.6 - 28 km NNW of Searles Valley, CA",Point,-117.5615,35.9823333333333,4.77,USGS,2026-08-25 17:29:58.462673
239,Feature,aka2026qszhpu,3.6,"233 km ESE of Attu Station, Alaska",1787573061453,1787591569270,,https://earthquake.usgs.gov/earthquakes/eventpage/aka2026qszhpu,https://earthquake.usgs.gov/earthquakes/feed/v1.0/detail/aka2026qszhpu.geojson,,,1.452,,reviewed,0,199,ak,a2026qszhpu,",aka2026qszhpu,",",ak,",",origin,phase-data,shakemap,",12,1.4,0.7,195,ml,earthquake,"M 3.6 - 233 km ESE of Attu Station, Alaska",Point,176.292,51.953,17.9,USGS,2026-08-25 17:29:58.462673
240,Feature,uu80150141,0.03,"17 km NE of Milford, Utah",1787572975130,1787580407100,,https://earthquake.usgs.gov/earthquakes/eventpage/uu80150141,https://earthquake.usgs.gov/earthquakes/feed/v1.0/detail/uu80150141.geojson,,,,,reviewed,0,0,uu,80150141,",uu80150141,",",uu,",",origin,phase-data,",8,0.01005,0.05,108,md,earthquake,"M 0.0 - 17 km NE of Milford, Utah",Point,-112.886666666667,38.515,3.0,USGS,2026-08-25 17:29:58.462673
241,Feature,pr71529618,2.98,"38 km NW of San Antonio, Puerto Rico",1787572833730,1787576275390,,https://earthquake.usgs.gov/earthquakes/eventpage/pr71529618,https://earthquake.usgs.gov/earthquakes/feed/v1.0/detail/pr71529618.geojson,,,,,reviewed,0,137,pr,71529618,",pr71529618,",",pr,",",origin,phase-data,",9,0.3614,0.25,274,md,earthquake,"M 3.0 - 38 km NW of San Antonio, Puerto Rico",Point,-67.3421666666667,18.7565,11.07,USGS,2026-08-25 17:29:58.462673
242,Feature,ci41535064,0.1,"15 km N of Warner Springs, CA",1787572529770,1787579969019,,https://earthquake.usgs.gov/earthquakes/eventpage/ci41535064,https://earthquake.usgs.gov/earthquakes/feed/v1.0/detail/ci41535064.geojson,,,,,reviewed,0,0,ci,41535064,",ci41535064,",",ci,",",nearby-cities,origin,phase-data,scitech-link,",26,0.08241,0.12,70,ml,earthquake,"M 0.1 - 15 km N of Warner Springs, CA",Point,-116.640333333333,33.4185,6.52,USGS,2026-08-25 17:29:58.462673
